"Country","Year","dRGDP","debtgdp","lag.dRGDP","lag.debtgdp"
"Australia",1947,2.45947456679709,177.321371355335,-3.55795148247978,190.419080068143
"Australia",1948,6.43753409710857,148.929810515079,2.45947456679709,177.321371355335
"Australia",1949,6.61199384930806,125.828698553949,6.43753409710857,148.929810515079
"Australia",1950,6.92020124184758,109.809397999623,6.61199384930806,125.828698553949
"Australia",1951,4.27261154812808,87.0944792259533,6.92020124184758,109.809397999623
"Australia",1952,0.904651599574291,86.0664381755866,4.27261154812808,87.0944792259533
"Australia",1953,3.11928028540407,79.8650221084478,0.904651599574291,86.0664381755866
"Australia",1954,6.21681382650683,76.8467028869713,3.11928028540407,79.8650221084478
"Australia",1955,5.46208967060355,74.980501949805,6.21681382650683,76.8467028869713
"Australia",1956,3.44160814276697,71.8182657678456,5.46208967060355,74.980501949805
"Australia",1957,2.00301165719032,67.7237634682277,3.44160814276697,71.8182657678456
"Australia",1958,4.80293215571987,66.0497512437811,2.00301165719032,67.7237634682277
"Australia",1959,6.15657369066556,62.3884514435696,4.80293215571987,66.0497512437811
"Australia",1960,4.19121263769575,48.3363802559415,6.15657369066556,62.3884514435696
"Australia",1961,0.689465883515394,49.3781138268566,4.19121263769575,48.3363802559415
"Australia",1962,6.24884149466269,50.3307607497244,0.689465883515394,49.3781138268566
"Australia",1963,6.12556955789991,47.5875309452837,6.24884149466269,50.3307607497244
"Australia",1964,6.84149961803642,45.0115260488705,6.12556955789991,47.5875309452837
"Australia",1965,5.10734197378901,43.7390374331551,6.84149961803642,45.0115260488705
"Australia",1966,2.78306395363856,42.4812330298674,5.10734197378901,43.7390374331551
"Australia",1967,6.75167346665215,40.5344808881496,2.78306395363856,42.4812330298674
"Australia",1968,5.87889061543532,39.494266587128,6.75167346665215,40.5344808881496
"Australia",1969,6.0816970936826,36.8007764249162,5.87889061543532,39.494266587128
"Australia",1970,6.35978702888527,34.9635906262412,6.0816970936826,36.8007764249162
"Australia",1971,4.4488240704244,32.289871721233,6.35978702888527,34.9635906262412
"Australia",1972,2.80580154976351,30.7217442700466,4.4488240704244,32.289871721233
"Australia",1973,5.42113023315571,27.3614668002821,2.80580154976351,30.7217442700466
"Australia",1974,2.47919495804172,22.3663943990665,5.42113023315571,27.3614668002821
"Australia",1975,2.70746265275843,23.6368473561689,2.47919495804172,22.3663943990665
"Australia",1976,4.03105305816382,22.9823490858137,2.70746265275843,23.6368473561689
"Australia",1977,1.04675690859559,23.6389103162681,4.03105305816382,22.9823490858137
"Australia",1978,2.90108207056801,24.7328917511093,1.04675690859559,23.6389103162681
"Australia",1979,5.26597479916813,20.8721951141215,2.90108207056801,24.7328917511093
"Australia",1980,1.99840205311963,19.1240875912409,5.26597479916813,20.8721951141215
"Australia",1981,4.15575163781792,16.1768449812164,1.99840205311963,19.1240875912409
"Australia",1982,-0.0097400067530673,15.043615122865,4.15575163781792,16.1768449812164
"Australia",1983,-0.526011598231046,17.5796955772545,-0.0097400067530673,15.043615122865
"Australia",1984,6.41449981176707,20.062923963846,-0.526011598231046,17.5796955772545
"Australia",1985,5.71619626431963,21.4240170031881,6.41449981176707,20.062923963846
"Australia",1986,2.11057959212098,21.4917077070434,5.71619626431963,21.4240170031881
"Australia",1987,4.39628095885791,19.9939123512373,2.11057959212098,21.4917077070434
"Australia",1988,4.03041273124836,16.2935934114077,4.39628095885791,19.9939123512373
"Australia",1989,4.57494906645084,12.4983297658004,4.03041273124836,16.2935934114077
"Australia",1990,1.60443952202081,10.3312013888377,4.57494906645084,12.4983297658004
"Australia",1991,-1.25011696760859,9.30832139271476,1.60443952202081,10.3312013888377
"Australia",1992,2.11228737481879,10.8657169152173,-1.25011696760859,9.30832139271476
"Australia",1993,3.89721181178508,13.8149624320372,2.11228737481879,10.8657169152173
"Australia",1994,5.01353866982568,15.9184748817064,3.89721181178508,13.8149624320372
"Australia",1995,3.48883188817115,18.3834558684011,5.01353866982568,15.9184748817064
"Australia",1996,4.28160704089695,17.775323368892,3.48883188817115,18.3834558684011
"Australia",1997,3.99699685997652,17.4123245735034,4.28160704089695,17.775323368892
"Australia",1998,5.05137931080328,14.5861376950489,3.99699685997652,17.4123245735034
"Australia",1999,4.40172373425132,13.2160492638041,5.05137931080328,14.5861376950489
"Australia",2000,3.42612964814983,11.1060178708496,4.40172373425132,13.2160492638041
"Australia",2001,2.08934021575549,9.23978259677442,3.42612964814983,11.1060178708496
"Australia",2002,4.24734849267636,8.22777792501693,2.08934021575549,9.23978259677442
"Australia",2003,2.96593976491422,7.0313350387233,4.24734849267636,8.22777792501693
"Australia",2004,3.84227864889726,6.27135095137178,2.96593976491422,7.0313350387233
"Australia",2005,2.75919465465262,5.89201334254395,3.84227864889726,6.27135095137178
"Australia",2006,2.84037203390766,5.39256636274764,2.75919465465262,5.89201334254395
"Australia",2007,4.04878029762532,4.90543010344605,2.84037203390766,5.39256636274764
"Australia",2008,2.35422396414895,4.67788706633923,4.04878029762532,4.90543010344605
"Australia",2009,0.732249739168633,8.41826984160015,2.35422396414895,4.67788706633923
"Austria",1949,18.9024390243902,26.4481413713405,27.3291925465839,35.2022832901837
"Austria",1950,12.4089618396898,22.1443982123594,18.9024390243902,26.4481413713405
"Austria",1951,6.83993463543693,15.2643312101911,12.4089618396898,22.1443982123594
"Austria",1952,0.0873998543335697,13.5804012249234,6.83993463543693,15.2643312101911
"Austria",1953,4.35162276233445,16.5658058965379,0.0873998543335697,13.5804012249234
"Austria",1954,10.2196652719665,14.268099837593,4.35162276233445,16.5658058965379
"Austria",1955,11.0531144221948,11.8947319303812,10.2196652719665,14.268099837593
"Austria",1956,6.87936191425722,10.9238191123416,11.0531144221948,11.8947319303812
"Austria",1957,6.12473347547975,8.30426907365725,6.87936191425722,10.9238191123416
"Austria",1958,3.65161484755638,11.5927580736709,6.12473347547975,8.30426907365725
"Austria",1959,2.84212056600117,13.5199043225696,3.65161484755638,11.5927580736709
"Austria",1960,8.23182942631642,13.5685102264583,2.84212056600117,13.5199043225696
"Austria",1961,5.30921439299941,12.3920535956318,8.23182942631642,13.5685102264583
"Austria",1962,2.42258878002397,11.9662696452802,5.30921439299941,12.3920535956318
"Austria",1963,4.07063572149344,12.0886170587356,2.42258878002397,11.9662696452802
"Austria",1964,6.00190044020401,12.0436604189636,4.07063572149344,12.0886170587356
"Austria",1965,2.87585525593648,11.4713995943205,6.00190044020401,12.0436604189636
"Austria",1966,5.62826759611623,10.9782892041858,2.87585525593648,11.4713995943205
"Austria",1967,3.04045522651897,12.1070690802143,5.62826759611623,10.9782892041858
"Austria",1968,4.44408136590149,12.9842914874202,3.04045522651897,12.1070690802143
"Austria",1969,6.28861947594839,13.0161194029851,4.44408136590149,12.9842914874202
"Austria",1970,7.12340863934064,10.58343806534,6.28861947594839,13.0161194029851
"Austria",1971,5.11231709830322,9.27693842047567,7.12340863934064,10.58343806534
"Austria",1972,6.20866337280737,8.93824105932645,5.11231709830322,9.27693842047567
"Austria",1973,4.88702372747858,9.18619339405649,6.20866337280737,8.93824105932645
"Austria",1974,3.94358595280839,8.87589068335031,4.88702372747858,9.18619339405649
"Austria",1975,-0.362351560030705,12.7993524050479,3.94358595280839,8.87589068335031
"Austria",1976,4.57702199009822,15.181059141509,-0.362351560030705,12.7993524050479
"Austria",1977,4.67678507588807,16.4255142061757,4.57702199009822,15.181059141509
"Austria",1978,-0.363263785394929,18.8560477240556,4.67678507588807,16.4255142061757
"Austria",1979,5.4553197677438,23.5881780132418,-0.363263785394929,18.8560477240556
"Austria",1980,2.31371583353854,25.2011471361428,5.4553197677438,23.5881780132418
"Austria",1981,-0.0991585959912999,26.7622848590671,2.31371583353854,25.2011471361428
"Austria",1982,1.90708386736178,28.8423107310499,-0.0991585959912999,26.7622848590671
"Austria",1983,2.8047281323877,32.9775287024216,1.90708386736178,28.8423107310499
"Austria",1984,0.332057838772593,35.4582749130186,2.8047281323877,32.9775287024216
"Austria",1985,2.24428614648369,37.6409144659046,0.332057838772593,35.4582749130186
"Austria",1986,2.34028244788165,42.0278441850654,2.24428614648369,37.6409144659046
"Austria",1987,1.68046611468875,45.7718944982708,2.34028244788165,42.0278441850654
"Austria",1988,3.16837996432664,45.7598961056484,1.68046611468875,45.7718944982708
"Austria",1989,4.22701077424203,45.8473934844997,3.16837996432664,45.7598961056484
"Austria",1990,4.55561699160998,45.9691806215266,4.22701077424203,45.8473934844997
"Austria",1991,3.59675495876637,46.6508765564782,4.55561699160998,45.9691806215266
"Austria",1992,2.36143295741207,46.7494990499783,3.59675495876637,46.6508765564782
"Austria",1993,0.333181736954802,50.591228951998,2.36143295741207,46.7494990499783
"Austria",1994,2.66091098158647,53.3303395006287,0.333181736954802,50.591228951998
"Austria",1995,1.9099047885538,55.8698378700326,2.66091098158647,53.3303395006287
"Austria",1996,2.61911893401643,56.3491534832084,1.9099047885538,55.8698378700326
"Austria",1997,1.83950112453499,58.4586875953782,2.61911893401643,56.3491534832084
"Austria",1998,3.59049751920215,58.4765078516749,1.83950112453499,58.4586875953782
"Austria",1999,3.29256580997628,59.5891483440163,3.59049751920215,58.4765078516749
"Austria",2000,3.36678775937442,58.1634373991105,3.29256580997628,59.5891483440163
"Austria",2001,0.813686129212887,57.1357982861096,3.36678775937442,58.1634373991105
"Austria",2002,0.892793836118266,56.6388543646732,0.813686129212887,57.1357982861096
"Austria",2003,1.17595385201019,56.8190163993157,0.892793836118266,56.6388543646732
"Austria",2004,2.33383305453134,58.2308769578404,1.17595385201019,56.8190163993157
"Austria",2005,2.07358805396081,58.0204035552271,2.33383305453134,58.2308769578404
"Austria",2006,3.24668487928139,56.7082549324256,2.07358805396081,58.0204035552271
"Belgium",1948,11.4405542270448,74.2405108230686,15.2163021098959,98.6420596715163
"Belgium",1949,-1.30662891505271,78.254068488458,11.4405542270448,74.2405108230686
"Belgium",1950,5.64131712126092,73.6828782387758,-1.30662891505271,78.254068488458
"Belgium",1951,7.03306260536798,64.4716690155447,5.64131712126092,73.6828782387758
"Belgium",1952,-0.429523563443024,66.2538635395038,7.03306260536798,64.4716690155447
"Belgium",1953,2.93107749773374,68.4600946012561,-0.429523563443024,66.2538635395038
"Belgium",1954,-1.26872534974621,69.861413809551,2.93107749773374,68.4600946012561
"Belgium",1955,5.1495118189969,68.624334910861,-1.26872534974621,69.861413809551
"Belgium",1956,2.43215983118605,65.8899767320878,5.1495118189969,68.624334910861
"Belgium",1957,3.04613687710755,62.8383073130984,2.43215983118605,65.8899767320878
"Belgium",1958,-1.49460344449001,67.1685950209826,3.04613687710755,62.8383073130984
"Belgium",1959,2.58742235278915,70.2802145989955,-1.49460344449001,67.1685950209826
"Belgium",1960,6.42816207486305,69.6691915999035,2.58742235278915,70.2802145989955
"Belgium",1961,4.96358672125783,67.975231038115,6.42816207486305,69.6691915999035
"Belgium",1962,4.6009621371027,65.6615735000196,4.96358672125783,67.975231038115
"Belgium",1963,6.18462526609342,63.8501042554893,4.6009621371027,65.6615735000196
"Belgium",1964,7.15104365969566,59.3687226097245,6.18462526609342,63.8501042554893
"Belgium",1965,3.44247406431457,57.6987047294925,7.15104365969566,59.3687226097245
"Belgium",1966,3.75867346389342,55.3326048982581,3.44247406431457,57.6987047294925
"Belgium",1967,3.34511073859325,54.07677150131,3.75867346389342,55.3326048982581
"Belgium",1968,5.20399101478668,54.7940206191001,3.34511073859325,54.07677150131
"Belgium",1969,7.52912071364304,52.2178640693992,5.20399101478668,54.7940206191001
"Belgium",1970,5.09117765248648,48.3278922388961,7.52912071364304,52.2178640693992
"Belgium",1971,4.90975836691772,45.4831628028969,5.09117765248648,48.3278922388961
"Belgium",1972,6.32754754290181,44.8098054272241,4.90975836691772,45.4831628028969
"Belgium",1973,7.40209760381718,42.1708778814453,6.32754754290181,44.8098054272241
"Belgium",1974,3.12869266106497,38.6826658137517,7.40209760381718,42.1708778814453
"Belgium",1975,-2.89670245254842,39.6338031655435,3.12869266106497,38.6826658137517
"Belgium",1976,5.71506251165117,39.3842310848093,-2.89670245254842,39.6338031655435
"Belgium",1977,1.11662664694456,42.2090393642698,5.71506251165117,39.3842310848093
"Belgium",1978,3.0823595623346,45.5343037364714,1.11662664694456,42.2090393642698
"Belgium",1979,2.94325276213523,49.233083362051,3.0823595623346,45.5343037364714
"Belgium",1980,4.00784092782485,55.2451454928535,2.94325276213523,49.233083362051
"Belgium",1981,0.146065956894303,65.4015056461731,4.00784092782485,55.2451454928535
"Belgium",1982,0.580710681835361,76.4467147155552,0.146065956894303,65.4015056461731
"Belgium",1983,0.397437067988582,86.8510870999981,0.580710681835361,76.4467147155552
"Belgium",1984,2.10182257814298,92.555985502425,0.397437067988582,86.8510870999981
"Belgium",1985,1.84740807494419,100.131504327314,2.10182257814298,92.555985502425
"Belgium",1986,1.85350947589358,105.440985987361,1.84740807494419,100.131504327314
"Belgium",1987,2.37334020233242,109.764299609428,1.85350947589358,105.440985987361
"Belgium",1988,4.56559277714736,111.297254193512,2.37334020233242,109.764299609428
"Belgium",1989,3.61793681349791,109.349007070077,4.56559277714736,111.297254193512
"Belgium",1990,3.08999508223595,109.829822463435,3.61793681349791,109.349007070077
"Belgium",1991,1.80036926121256,112.519764350382,3.08999508223595,109.829822463435
"Belgium",1992,1.33160356482727,114.815125252153,1.80036926121256,112.519764350382
"Belgium",1993,-0.692377849047066,121.692222787331,1.33160356482727,114.815125252153
"Belgium",1994,3.29156713779395,118.74486905837,-0.692377849047066,121.692222787331
"Belgium",1995,4.2774252796794,117.027231879678,3.29156713779395,118.74486905837
"Belgium",1996,0.890287301796988,112.840123965767,4.2774252796794,117.027231879678
"Belgium",1997,3.68724482305749,109.890462606746,0.890287301796988,112.840123965767
"Belgium",1998,1.73003627680581,105.341932449616,3.68724482305749,109.890462606746
"Belgium",1999,3.37978897477853,103.64025066362,1.73003627680581,105.341932449616
"Belgium",2000,3.7958010406433,99.7247312853023,3.37978897477853,103.64025066362
"Belgium",2001,0.765261408810147,99.3321565279865,3.7958010406433,99.7247312853023
"Belgium",2002,1.49489467550314,98.1865130079296,0.765261408810147,99.3321565279865
"Belgium",2003,1.01322401299779,95.7344815788133,1.49489467550314,98.1865130079296
"Belgium",2004,2.78250955215169,93.3498039785605,1.01322401299779,95.7344815788133
"Belgium",2005,2.17036758248652,91.8412530566387,2.78250955215169,93.3498039785605
"Belgium",2006,3.0151354565195,87.3893909404868,2.17036758248652,91.8412530566387
"Belgium",2007,2.59878357480952,85.3413834494867,3.0151354565195,87.3893909404868
"Belgium",2008,0.969158147042992,90.3730581698605,2.59878357480952,85.3413834494867
"Belgium",2009,-3.18236045758165,96.6109967026557,0.969158147042992,90.3730581698605
"Canada",1947,4.42583732057418,117.030423280423,-1.026045777427,135.913406760349
"Canada",1948,1.83276059564719,105.182647004834,4.42583732057418,117.030423280423
"Canada",1949,2.17472815898014,124.016987625394,1.83276059564719,105.182647004834
"Canada",1950,7.37591976970153,110.96662907185,2.17472815898014,124.016987625394
"Canada",1951,5.67323127520458,89.0913935518252,7.37591976970153,110.96662907185
"Canada",1952,7.27676917376807,81.1257958711171,5.67323127520458,89.0913935518252
"Canada",1953,4.67292947433862,82.6012468471898,7.27676917376807,81.1257958711171
"Canada",1954,-0.691259445012704,77.0121496556867,4.67292947433862,82.6012468471898
"Canada",1955,9.3388155162389,72.3329763571958,-0.691259445012704,77.0121496556867
"Canada",1956,8.08991666223515,68.0868108659238,9.3388155162389,72.3329763571958
"Canada",1957,2.89565791878101,61.4127461706783,8.08991666223515,68.0868108659238
"Canada",1958,1.78890998756847,61.7317766288903,2.89565791878101,61.4127461706783
"Canada",1959,4.05379107642547,63.660443181084,1.78890998756847,61.7317766288903
"Canada",1960,3.10714423907856,61.7066973198621,4.05379107642547,63.660443181084
"Canada",1961,2.95096322241681,53.1634603134157,3.10714423907856,61.7066973198621
"Canada",1962,7.00616046367513,53.8479725735903,2.95096322241681,53.1634603134157
"Canada",1963,5.05933117583603,53.6431527999825,7.00616046367513,53.8479725735903
"Canada",1964,6.51585324333526,52.0761314419677,5.05933117583603,53.6431527999825
"Canada",1965,6.64897665120905,48.0726517159848,6.51585324333526,52.0761314419677
"Canada",1966,6.48373239202105,50.8310579266617,6.64897665120905,48.0726517159848
"Canada",1967,3.04469423496194,49.9899497487437,6.48373239202105,50.8310579266617
"Canada",1968,5.22703525300567,50.2086274509804,3.04469423496194,49.9899497487437
"Canada",1969,5.27146347593561,49.4900458094442,5.22703525300567,50.2086274509804
"Canada",1970,2.58359197955358,44.8439475693879,5.27146347593561,49.4900458094442
"Canada",1971,5.56890933925478,44.8123000953931,2.58359197955358,44.8439475693879
"Canada",1972,5.28381533390676,44.4708655976262,5.56890933925478,44.8123000953931
"Canada",1973,7.16134480320205,41.3144154775954,5.28381533390676,44.4708655976262
"Canada",1974,4.08487519860592,37.8146920527249,7.16134480320205,41.3144154775954
"Canada",1975,2.25926974591295,37.0707858670361,4.08487519860592,37.8146920527249
"Canada",1976,5.47688770243386,36.2769391186171,2.25926974591295,37.0707858670361
"Canada",1977,3.3606587781446,36.4090595827329,5.47688770243386,36.2769391186171
"Canada",1978,4.04394815663431,34.1403254223236,3.3606587781446,36.4090595827329
"Canada",1979,4.15687169336736,37.7637566843413,4.04394815663431,34.1403254223236
"Canada",1980,1.33813598396173,35.1483009107144,4.15687169336736,37.7637566843413
"Canada",1981,1.5475053130301,35.3812214717857,1.33813598396173,35.1483009107144
"Canada",1982,0.124993519921213,36.2000075153124,1.5475053130301,35.3812214717857
"Canada",1983,3.866893713637,39.030610519195,0.124993519921213,36.2000075153124
"Canada",1984,5.89410368083774,41.9736251042803,3.866893713637,39.030610519195
"Canada",1985,5.35402951350146,45.3476626987575,5.89410368083774,41.9736251042803
"Canada",1986,4.0375523145842,49.753106098691,5.35402951350146,45.3476626987575
"Canada",1987,1.78001352049946,51.0987096763836,4.0375523145842,49.753106098691
"Canada",1988,-0.172848825260929,53.6587161253418,1.78001352049946,51.0987096763836
"Canada",1989,0.997558549031363,54.6146648825547,-0.172848825260929,53.6587161253418
"Canada",1990,1.9275140029591,55.223246117385,0.997558549031363,54.6146648825547
"Canada",1991,3.10462896148147,57.3084345394707,1.9275140029591,55.223246117385
"Canada",1992,3.5231049814781,59.7134880360811,3.10462896148147,57.3084345394707
"Canada",1993,2.78663707893585,61.3573709556398,3.5231049814781,59.7134880360811
"Canada",1994,5.05138434156795,63.4501812686759,2.78663707893585,61.3573709556398
"Canada",1995,4.18634907398121,63.1602322147637,5.05138434156795,63.4501812686759
"Canada",1996,5.09976633590639,61.4661322955692,4.18634907398121,63.1602322147637
"Canada",1997,5.39264034704545,58.1786665237049,5.09976633590639,61.4661322955692
"Canada",1998,2.68278349077422,56.6246623873163,5.39264034704545,58.1786665237049
"Canada",1999,2.02577059008238,52.2713091427973,2.68278349077422,56.6246623873163
"Canada",2000,3.25356799462169,43.7614431152278,2.02577059008238,52.2713091427973
"Canada",2001,1.99015413560657,41.9613635328488,3.25356799462169,43.7614431152278
"Canada",2002,1.5020556300011,41.8013326285151,1.99015413560657,41.9613635328488
"Canada",2003,1.01352403424735,39.5047150574403,1.5020556300011,41.8013326285151
"Canada",2004,3.86412636417943,36.0766247475675,1.01352403424735,39.5047150574403
"Canada",2005,2.73920744287439,32.1843327919742,3.86412636417943,36.0766247475675
"Canada",2006,2.28088854199129,28.6955736558667,2.73920744287439,32.1843327919742
"Canada",2007,3.13409178573727,27.1732590871763,2.28088854199129,28.6955736558667
"Canada",2008,2.13213029844797,23.3247786777171,3.13409178573727,27.1732590871763
"Canada",2009,-1.90667609190309,30.2371908535509,2.13213029844797,23.3247786777171
"Denmark",1951,0.667700816078765,41.0852746682802,7.9458545282729,46.3390207715134
"Denmark",1952,0.978158917325467,38.7250769978927,0.667700816078765,41.0852746682802
"Denmark",1953,5.68935774946921,36.1387711864407,0.978158917325467,38.7250769978927
"Denmark",1954,1.94293606202329,29.3954159898935,5.68935774946921,36.1387711864407
"Denmark",1955,1.07765256481311,29.8409405255878,1.94293606202329,29.3954159898935
"Denmark",1956,1.20933349579626,28.6074557858321,1.07765256481311,29.8409405255878
"Denmark",1957,7.58765989465764,27.085488287192,1.20933349579626,28.6074557858321
"Denmark",1958,2.25200022380125,26.1473500291206,7.58765989465764,27.085488287192
"Denmark",1959,7.43892095975487,23.1199453838882,2.25200022380125,26.1473500291206
"Denmark",1960,2.79348102877515,19.9259549845535,7.43892095975487,23.1199453838882
"Denmark",1961,6.33933658681596,16.4043318133988,2.79348102877515,19.9259549845535
"Denmark",1962,5.51879979499603,15.0816354330862,6.33933658681596,16.4043318133988
"Denmark",1963,0.627000772712227,13.4740798054604,5.51879979499603,15.0816354330862
"Denmark",1964,9.35518550209526,10.7544037776596,0.627000772712227,13.4740798054604
"Denmark",1965,4.56232570270649,7.86657101865136,9.35518550209526,10.7544037776596
"Denmark",1966,2.72847631291133,6.09621601064841,4.56232570270649,7.86657101865136
"Denmark",1967,3.36203515194531,5.81973438902571,2.72847631291133,6.09621601064841
"Denmark",1968,4.10921773071433,5.29299981409952,3.36203515194531,5.81973438902571
"Denmark",1969,6.37009008383524,4.75241425543094,4.10921773071433,5.29299981409952
"Denmark",1970,2.0250314116476,4.80666104484088,6.37009008383524,4.75241425543094
"Denmark",1971,2.66617618834368,5.01722684726515,2.0250314116476,4.80666104484088
"Denmark",1972,5.27644062251718,5.28447171378354,2.66617618834368,5.01722684726515
"Denmark",1973,3.63135931812129,4.9619713171115,5.27644062251718,5.28447171378354
"Denmark",1974,-0.93243088873658,4.56084465280282,3.63135931812129,4.9619713171115
"Denmark",1975,-0.660142117931939,4.33788012409292,-0.93243088873658,4.56084465280282
"Denmark",1981,-0.886903820235196,45.433,-0.441574352953189,34.973
"Denmark",1982,3.71398274413535,58.548,-0.886903820235196,45.433
"Denmark",1983,2.65185724255999,70.274,3.71398274413535,58.548
"Denmark",1984,4.16557709897225,72.979,2.65185724255999,70.274
"Denmark",1985,4.02443446486849,70.83,4.16557709897225,72.979
"Denmark",1986,4.94924089258804,67.731,4.02443446486849,70.83
"Denmark",1987,0.289936831175419,64.852,4.94924089258804,67.731
"Denmark",1988,-0.142664109582336,62.68,0.289936831175419,64.852
"Denmark",1989,0.572900402683452,61.198,-0.142664109582336,62.68
"Denmark",1990,1.60744363496155,62.5231963913552,0.572900402683452,61.198
"Denmark",1991,1.3004028432706,63.44047037672,1.60744363496155,62.5231963913552
"Denmark",1992,1.97544568041923,67.9575775291062,1.3004028432706,63.44047037672
"Denmark",1993,-0.089613444143366,79.819348131023,1.97544568041923,67.9575775291062
"Denmark",1994,5.52541034681611,76.8006387258239,-0.089613444143366,79.819348131023
"Denmark",1995,3.06522333127333,75.5242560370363,5.52541034681611,76.8006387258239
"Denmark",1996,2.83456637237425,73.736079813743,3.06522333127333,75.5242560370363
"Denmark",1997,3.19850784746962,69.0540492519811,2.83456637237425,73.736079813743
"Denmark",1998,2.16039085042494,63.998556229697,3.19850784746962,69.0540492519811
"Denmark",1999,2.56044153523098,60.8667705011249,2.16039085042494,63.998556229697
"Denmark",2000,3.52871521610421,54.9630591362948,2.56044153523098,60.8667705011249
"Denmark",2001,0.70488823491226,52.0211738456585,3.52871521610421,54.9630591362948
"Denmark",2002,0.465817655793743,51.6193889593077,0.70488823491226,52.0211738456585
"Denmark",2003,0.383758989577254,49.6112630203685,0.465817655793743,51.6193889593077
"Denmark",2004,2.29649081289534,46.9587635897366,0.383758989577254,49.6112630203685
"Denmark",2005,2.44518019368338,39.291769669829,2.29649081289534,46.9587635897366
"Denmark",2006,3.34395609741576,32.8030921694922,2.44518019368338,39.291769669829
"Denmark",2007,1.64654303249172,27.8858219433731,3.34395609741576,32.8030921694922
"Denmark",2008,-1.20182205264322,32.4331133081601,1.64654303249172,27.8858219433731
"Denmark",2009,-2.43302295546245,37.7215008421631,-1.20182205264322,32.4331133081601
"Finland",1947,2.32452789269391,52.548021508629,8.13212396862522,70.6218911105576
"Finland",1948,7.92871380455418,39.0101447141395,2.32452789269391,52.548021508629
"Finland",1949,6.06683871051092,26.6428356663214,7.92871380455418,39.0101447141395
"Finland",1950,3.84458209726957,25.4752672148266,6.06683871051092,26.6428356663214
"Finland",1951,8.50390006451234,19.167778218019,3.84458209726957,25.4752672148266
"Finland",1952,3.35117020701583,13.1233409815295,8.50390006451234,19.167778218019
"Finland",1953,0.700800167355253,18.3102996468826,3.35117020701583,13.1233409815295
"Finland",1954,8.75616722929109,18.9462011473597,0.700800167355253,18.3102996468826
"Finland",1955,5.09526765674992,17.0404895494554,8.75616722929109,18.9462011473597
"Finland",1956,3.02162849872774,16.5914762117231,5.09526765674992,17.0404895494554
"Finland",1957,4.70162748643761,16.8892077962182,3.02162849872774,16.5914762117231
"Finland",1958,0.539197101815581,16.0643620533617,4.70162748643761,16.8892077962182
"Finland",1959,5.94125780366197,15.0504656076173,0.539197101815581,16.0643620533617
"Finland",1960,9.14771603717619,12.7940491025141,5.94125780366197,15.0504656076173
"Finland",1961,7.62011739981159,10.1285688416732,9.14771603717619,12.7940491025141
"Finland",1962,3.11774014342951,11.5164884891679,7.62011739981159,10.1285688416732
"Finland",1963,3.29447872791981,13.4411370892986,3.11774014342951,11.5164884891679
"Finland",1964,5.05436844101657,13.6303825037434,3.29447872791981,13.4411370892986
"Finland",1965,5.3166842184444,14.2290858039475,5.05436844101657,13.6303825037434
"Finland",1966,2.40271984458031,15.183711316308,5.3166842184444,14.2290858039475
"Finland",1967,2.11198839382865,15.8295227207774,2.40271984458031,15.183711316308
"Finland",1968,2.30054644808744,15.6878140703518,2.11198839382865,15.8295227207774
"Finland",1969,9.63089578548155,12.0849716033202,2.30054644808744,15.6878140703518
"Finland",1970,7.4693042291951,10.2244510443546,9.63089578548155,12.0849716033202
"Finland",1971,2.09003944326065,8.89012579316487,7.4693042291951,10.2244510443546
"Finland",1972,7.63167243982592,7.34116747874272,2.09003944326065,8.89012579316487
"Finland",1973,6.70682648072123,4.94365115440681,7.63167243982592,7.34116747874272
"Finland",1974,3.02954141211043,3.2791095890411,6.70682648072123,4.94365115440681
"Finland",1975,1.15216453059617,3.68255273225358,3.02954141211043,3.2791095890411
"Finland",1976,-0.42482144513496,4.26087141496753,1.15216453059617,3.68255273225358
"Finland",1977,0.245919964229824,5.68524942656668,-0.42482144513496,4.26087141496753
"Finland",1978,2.09262563187631,8.35270147379773,0.245919964229824,5.68524942656668
"Finland",1979,6.95743983689519,8.97594481919356,2.09262563187631,8.35270147379773
"Finland",1980,5.33392334399891,9.21149763217859,6.95743983689519,8.97594481919356
"Finland",1981,1.26938826157093,10.0085949515969,5.33392334399891,9.21149763217859
"Finland",1982,3.02402803474937,12.2069650490138,1.26938826157093,10.0085949515969
"Finland",1983,2.9471580975488,13.7862765915818,3.02402803474937,12.2069650490138
"Finland",1984,3.04416640672835,14.3038239004488,2.9471580975488,13.7862765915818
"Finland",1985,3.2804897190394,13.9456033229433,3.04416640672835,14.3038239004488
"Finland",1986,2.62592270950934,14.4540509109854,3.2804897190394,13.9456033229433
"Finland",1987,3.5583198468357,14.9802802519537,2.62592270950934,14.4540509109854
"Finland",1988,5.10096728394431,13.0988493152301,3.5583198468357,14.9802802519537
"Finland",1989,5.4151238617258,10.7089186194388,5.10096728394431,13.0988493152301
"Finland",1990,0.082051092938995,10.3190258131186,5.4151238617258,10.7089186194388
"Finland",1991,-6.24366697986329,16.9008721725783,0.082051092938995,10.3190258131186
"Finland",1992,-3.73550795834152,33.9589110467732,-6.24366697986329,16.9008721725783
"Finland",1993,-0.920614831901034,51.7915881457805,-3.73550795834152,33.9589110467732
"Finland",1994,3.57348881288888,58.8485874837126,-0.920614831901034,51.7915881457805
"Finland",1995,3.92361629121289,62.6834884720393,3.57348881288888,58.8485874837126
"Finland",1996,3.6998755861805,66.6146411366792,3.92361629121289,62.6834884720393
"Finland",1997,6.19993355236443,64.8564554761874,3.6998755861805,66.6146411366792
"Finland",1998,5.22533326381285,59.6243091883713,6.19993355236443,64.8564554761874
"Finland",1999,3.92114760461486,55.4688746841301,5.22533326381285,59.6243091883713
"Finland",2000,5.05662176659911,47.8342874320546,3.92114760461486,55.4688746841301
"Finland",2001,2.70503335905232,44.1808536376166,5.05662176659911,47.8342874320546
"Finland",2002,1.5732025277299,41.2028308840505,2.70503335905232,44.1808536376166
"Finland",2003,1.81060111667029,43.4308297846875,1.5732025277299,41.2028308840505
"Finland",2004,3.69639690328829,41.9241301275364,1.81060111667029,43.4308297846875
"Finland",2005,2.76791417405577,38.227534558948,3.69639690328829,41.9241301275364
"Finland",2006,4.92290829863593,35.2645813610087,2.76791417405577,38.227534558948
"Finland",2007,4.20273515379666,31.2081253784266,4.92290829863593,35.2645813610087
"Finland",2008,1.04101081355332,29.4389589017366,4.20273515379666,31.2081253784266
"Finland",2009,-6.35594758430433,33.4194776931447,1.04101081355332,29.4389589017366
"France",1951,6.13496932515338,22.8435917932321,7.49400479616307,27.4198898693027
"France",1952,2.62743037309512,23.4974918001158,6.13496932515338,22.8435917932321
"France",1953,2.91858678955452,25.7816589730167,2.62743037309512,23.4974918001158
"France",1954,4.82587064676616,24.7686302030791,2.91858678955452,25.7816589730167
"France",1955,5.79022306597059,23.7004695609194,4.82587064676616,24.7686302030791
"France",1956,5.02467474203678,23.1956885878669,5.79022306597059,23.7004695609194
"France",1957,6.02306706535669,24.0700218818381,5.02467474203678,23.1956885878669
"France",1958,2.5382755842063,27.2948265826685,6.02306706535669,24.0700218818381
"France",1959,2.82907662082514,27.1464564894373,2.5382755842063,27.2948265826685
"France",1960,7.06916316392816,22.0902655938048,2.82907662082514,27.1464564894373
"France",1961,5.49607423269094,19.3084469359154,7.06916316392816,22.0902655938048
"France",1962,6.63058186738834,20.3955550301454,5.49607423269094,19.3084469359154
"France",1963,5.48857868020305,19.6609798296139,6.63058186738834,20.3955550301454
"France",1964,6.49624060150376,17.4770532840625,5.48857868020305,19.6609798296139
"France",1965,4.6879412595312,15.2158415132192,6.49624060150376,17.4770532840625
"France",1966,5.3142702994335,14.6689512360498,4.6879412595312,15.2158415132192
"France",1967,4.58504098360657,15.1809045226131,5.3142702994335,14.6689512360498
"France",1968,4.35953955424933,15.2721568627451,4.58504098360657,15.1809045226131
"France",1969,6.94672612062894,14.5286525108761,4.35953955424933,15.2721568627451
"France",1970,5.79328505595786,12.3710204439325,6.94672612062894,14.5286525108761
"France",1971,5.37232939224226,10.7705515964312,5.79328505595786,12.3710204439325
"France",1972,5.88582677165355,8.75790094099953,5.37232939224226,10.7705515964312
"France",1980,1.07163828537873,29.5203655568196,3.30603579011224,31.1153032426806
"France",1981,1.5475053130301,30.5132376457416,1.07163828537873,29.5203655568196
"France",1982,0.124993519921213,36.4492653782081,1.5475053130301,30.5132376457416
"France",1983,3.866893713637,38.333615198151,0.124993519921213,36.4492653782081
"France",1984,5.89410368083774,40.3885644612719,3.866893713637,38.333615198151
"France",1985,5.35402951350146,41.2177426361978,5.89410368083774,40.3885644612719
"France",1986,4.0375523145842,43.6684282343627,5.35402951350146,41.2177426361978
"France",1987,1.78001352049946,45.1460745231325,4.0375523145842,43.6684282343627
"France",1988,-0.172848825260929,46.4365186106464,1.78001352049946,45.1460745231325
"France",1989,0.997558549031363,47.9036924505333,-0.172848825260929,46.4365186106464
"France",1990,1.9275140029591,49.3823807033866,0.997558549031363,47.9036924505333
"France",1991,3.10462896148147,49.6437535370046,1.9275140029591,49.3823807033866
"France",1992,3.5231049814781,55.1978267031558,3.10462896148147,49.6437535370046
"France",1993,2.78663707893585,61.4817898668372,3.5231049814781,55.1978267031558
"France",1994,5.05138434156795,64.8607314925023,2.78663707893585,61.4817898668372
"France",1995,4.18634907398121,70.2537636323358,5.05138434156795,64.8607314925023
"France",1996,5.09976633590639,68.9067657963775,4.18634907398121,70.2537636323358
"France",1997,5.39264034704545,67.1295055308351,5.09976633590639,68.9067657963775
"France",1998,2.68278349077422,68.97821740503,5.39264034704545,67.1295055308351
"France",1999,2.02577059008238,64.856541683126,2.68278349077422,68.97821740503
"France",2000,3.25356799462169,55.7910939483136,2.02577059008238,64.856541683126
"France",2001,1.99015413560657,55.4106019298714,3.25356799462169,55.7910939483136
"France",2002,1.5020556300011,59.4461956131592,1.99015413560657,55.4106019298714
"France",2003,1.01352403424735,62.9552712648149,1.5020556300011,59.4461956131592
"France",2004,3.86412636417943,61.7828621259409,1.01352403424735,62.9552712648149
"France",2005,2.73920744287439,58.8676685237341,3.86412636417943,61.7828621259409
"France",2006,2.28088854199129,53.246711150831,2.73920744287439,58.8676685237341
"France",2007,3.13409178573727,53.0848312114918,2.28088854199129,53.246711150831
"France",2008,2.13213029844797,51.5673070885917,3.13409178573727,53.0848312114918
"France",2009,-1.90667609190309,60.0015126431759,2.13213029844797,51.5673070885917
"Germany",1952,8.66994155599818,6.30451073414595,9.16699955531102,6.05570594801258
"Germany",1953,8.37245944967184,7.317731928861,8.66994155599818,6.30451073414595
"Germany",1954,7.45537153744686,11.2503461644974,8.37245944967184,7.317731928861
"Germany",1955,11.0037535735329,11.1421697590695,7.45537153744686,11.2503461644974
"Germany",1956,7.16697548916008,10.0248557452743,11.0037535735329,11.1421697590695
"Germany",1957,5.72937448118032,9.1284086924142,7.16697548916008,10.0248557452743
"Germany",1958,4.45224271316131,9.30541820664288,5.72937448118032,9.1284086924142
"Germany",1959,7.31355339192981,8.9043369588565,4.45224271316131,9.30541820664288
"Germany",1960,8.06101145270799,8.66384165083684,7.31355339192981,8.9043369588565
"Germany",1961,4.11920169316111,9.43705601600525,8.06101145270799,8.66384165083684
"Germany",1962,4.265787541252,8.34805536386951,4.11920169316111,9.43705601600525
"Germany",1963,2.81877379216615,8.37921036160891,4.265787541252,8.34805536386951
"Germany",1964,6.07829549136805,8.15317533566623,2.81877379216615,8.37921036160891
"Germany",1965,5.06976694950496,7.64062919514295,6.07829549136805,8.15317533566623
"Germany",1966,2.9641708813209,7.82011019537843,5.06976694950496,7.64062919514295
"Germany",1967,0.309899593649932,9.37943742371787,2.9641708813209,7.82011019537843
"Germany",1968,5.27487075152242,9.49325447456669,0.309899593649932,9.37943742371787
"Germany",1969,6.61144225461736,8.41111707489494,5.27487075152242,9.49325447456669
"Germany",1970,4.67997665785127,6.76650403022963,6.61144225461736,8.41111707489494
"Germany",1971,2.94317538900941,6.37118047730386,4.67997665785127,6.76650403022963
"Germany",1972,4.12735319160704,6.39365382879032,2.94317538900941,6.37118047730386
"Germany",1973,4.53847847663982,6.00798691904875,4.12735319160704,6.39365382879032
"Germany",1974,0.827304433424536,6.74876459586687,4.53847847663982,6.00798691904875
"Germany",1975,-0.544631318820332,9.94539109161556,0.827304433424536,6.74876459586687
"Germany",1976,4.82898679836983,10.7298562015137,-0.544631318820332,9.94539109161556
"Germany",1977,2.87756310339411,11.8767476374934,4.82898679836983,10.7298562015137
"Germany",1978,2.8084290062738,13.2706983863361,2.87756310339411,11.8767476374934
"Germany",1979,4.01854905350703,13.9685677390097,2.8084290062738,13.2706983863361
"Germany",1980,1.1425799572585,14.9140255884604,4.01854905350703,13.9685677390097
"Germany",1981,0.110299330592034,16.6507727472261,1.1425799572585,14.9140255884604
"Germany",1982,-0.78816639681305,18.3327817223677,0.110299330592034,16.6507727472261
"Germany",1983,1.55466809928657,19.4485322481045,-0.78816639681305,18.3327817223677
"Germany",1984,2.82608727820501,19.8407853936151,1.55466809928657,19.4485322481045
"Germany",1985,2.19228469480488,20.3776736681143,2.82608727820501,19.8407853936151
"Germany",1986,2.41731919217096,20.3831727941531,2.19228469480488,20.3776736681143
"Germany",1987,1.46935582225283,21.1429908356589,2.41731919217096,20.3831727941531
"Germany",1988,3.73561271474219,21.6240219113926,1.46935582225283,21.1429908356589
"Germany",1989,3.91302416837132,20.8884834827732,3.73561271474219,21.6240219113926
"Germany",1990,5.72342998509119,21.2141017144239,3.91302416837132,20.8884834827732
"Germany",1991,5.0114026576872,19.5229811096912,5.72342998509119,21.2141017144239
"Germany",1992,2.3058166544853,18.8385837028882,5.0114026576872,19.5229811096912
"Germany",1993,-0.788782837360436,20.6802503962829,2.3058166544853,18.8385837028882
"Germany",1994,2.62606577072946,20.4573449196517,-0.788782837360436,20.6802503962829
"Germany",1995,1.83943279988479,20.8661536597189,2.62606577072946,20.4573449196517
"Germany",1996,0.95156314125775,22.7057056986631,1.83943279988479,20.8661536597189
"Germany",1997,1.71199980545458,23.9979461057394,0.95156314125775,22.7057056986631
"Germany",1998,1.97736662624683,24.8297988521713,1.71199980545458,23.9979461057394
"Germany",1999,1.93168560720931,35.2037773359841,1.97736662624683,24.8297988521713
"Germany",2000,3.22428380777804,34.6957525291027,1.93168560720931,35.2037773359841
"Germany",2001,1.15079441968611,32.9979886512095,3.22428380777804,34.6957525291027
"Germany",2002,0.00627347464772221,33.566908123817,1.15079441968611,32.9979886512095
"Germany",2003,-0.231146278674221,35.4798912559978,0.00627347464772221,33.566908123817
"Germany",2004,1.17621592148835,36.7327262586595,-0.231146278674221,35.4798912559978
"Germany",2005,0.732079771647265,39.5084506690015,1.17621592148835,36.7327262586595
"Germany",2006,3.17589864175314,39.5826354190004,0.732079771647265,39.5084506690015
"Germany",2007,2.51648229260428,38.7113087884029,3.17589864175314,39.5826354190004
"Germany",2008,1.24810326772242,38.7129177017389,2.51648229260428,38.7113087884029
"Germany",2009,-5.29683377308706,43.7187693666007,1.24810326772242,38.7129177017389
"Greece",1971,7.117874343057,19.0047897817988,7.95492735000494,18.8221009686825
"Greece",1972,12.4435858862144,20.1204135162908,7.117874343057,19.0047897817988
"Greece",1973,3.92246294184722,16.5557215479879,12.4435858862144,20.1204135162908
"Greece",1974,-3.63835856923415,17.4779943666804,3.92246294184722,16.5557215479879
"Greece",1975,6.04997874536952,18.1763215075376,-3.63835856923415,17.4779943666804
"Greece",1976,6.36049990694745,20.804360217315,6.04997874536952,18.1763215075376
"Greece",1977,3.42817917519114,23.2328527741372,6.36049990694745,20.804360217315
"Greece",1978,6.69677133896387,23.6519871106337,3.42817917519114,23.2328527741372
"Greece",1979,3.69073900157337,23.133294864397,6.69677133896387,23.6519871106337
"Greece",1980,0.677,24.5926851540347,3.69073900157337,23.133294864397
"Greece",1981,-1.554,28.7738879074996,0.677,24.5926851540347
"Greece",1982,-1.133,29.6342415296343,-1.554,28.7738879074996
"Greece",1983,-1.079,33.9595881339597,-1.133,29.6342415296343
"Greece",1984,2.011,40.5032480405034,-1.079,33.9595881339597
"Greece",1985,2.51,47.1326280471326,2.011,40.5032480405034
"Greece",1986,0.518,47.6600399476601,2.51,47.1326280471326
"Greece",1987,-2.259,52.9877776529878,0.518,47.6600399476601
"Greece",1988,4.288,62.6631447626631,-2.259,52.9877776529878
"Greece",1989,3.8,65.8402954658403,4.288,62.6631447626631
"Greece",1990,0,89.0668403890665,3.8,65.8402954658403
"Greece",1991,3.1,91.1247685911246,0,89.0668403890665
"Greece",1992,0.7,97.6096436976097,3.1,91.1247685911246
"Greece",1993,-1.6,97.608,0.7,97.6096436976097
"Greece",1994,2,103.197,-1.6,97.608
"Greece",1995,2.1,104.806,2,103.197
"Greece",1996,2.358,108.105,2.1,104.806
"Greece",1997,3.638,105.22,2.358,108.105
"Greece",1998,3.364,103.746,3.638,105.22
"Greece",1999,3.42,103.561,3.364,103.746
"Greece",2000,4.477,108.926,3.42,103.561
"Greece",2001,4.197,109.684,4.477,108.926
"Greece",2002,3.439,109.199,4.197,109.684
"Greece",2003,5.582,106.407,3.439,109.199
"Greece",2004,4.916,108.282,5.582,106.407
"Greece",2005,2.898,108.991,4.916,108.282
"Greece",2006,4.497,106.103,2.898,108.991
"Greece",2007,4.036,105.03,4.497,106.103
"Greece",2008,2.933,107.872,4.036,105.03
"Greece",2009,-0.753,100,2.933,107.872
"Ireland",1948,4.86080904741193,21.0170885096575,1.89473684210526,20.5905307280461
"Ireland",1949,5.23695945245255,27.5432299601484,4.86080904741193,21.0170885096575
"Ireland",1950,0.817895151754033,37.6844792872976,5.23695945245255,27.5432299601484
"Ireland",1951,2.51197341413352,45.6064146326273,0.817895151754033,37.6844792872976
"Ireland",1952,2.52669717772693,47.4288654525344,2.51197341413352,45.6064146326273
"Ireland",1953,2.6969217892681,49.2227567919465,2.52669717772693,47.4288654525344
"Ireland",1954,0.896495517522422,55.9834263754685,2.6969217892681,49.2227567919465
"Ireland",1955,2.60276431520374,63.8198680452563,0.896495517522422,55.9834263754685
"Ireland",1956,-1.30335899230231,67.314450614523,2.60276431520374,63.8198680452563
"Ireland",1957,-0.150669148276172,70.1491638047529,-1.30335899230231,67.314450614523
"Ireland",1958,-2.05929344931652,72.7942308145605,-0.150669148276172,70.1491638047529
"Ireland",1959,4.05111473626971,70.3366964550564,-2.05929344931652,72.7942308145605
"Ireland",1960,5.6266875707691,73.6390811340418,4.05111473626971,70.3366964550564
"Ireland",1961,4.77447019048405,73.6603885469678,5.6266875707691,73.6390811340418
"Ireland",1962,3.2583031638596,73.5131248214337,4.77447019048405,73.6603885469678
"Ireland",1963,4.73323170731708,74.4750652901391,3.2583031638596,73.5131248214337
"Ireland",1964,3.91529000800523,70.8895015357935,4.73323170731708,74.4750652901391
"Ireland",1965,1.74381959520975,73.4183639530615,3.91529000800523,70.8895015357935
"Ireland",1966,0.853524229074898,78.0546382467727,1.74381959520975,73.4183639530615
"Ireland",1967,5.93093093093093,76.9729581656609,0.853524229074898,78.0546382467727
"Ireland",1968,8.26621996005412,66.1047656159066,5.93093093093093,76.9729581656609
"Ireland",1969,6.01642466079504,63.585673342706,8.26621996005412,66.1047656159066
"Ireland",1970,2.66067920291888,62.2374887343343,6.01642466079504,63.585673342706
"Ireland",1971,3.46656460167314,59.6729463517261,2.66067920291888,62.2374887343343
"Ireland",1972,6.48945727421657,55.8825537341722,3.46656460167314,59.6729463517261
"Ireland",1973,4.72433129869485,52.0617641838727,6.48945727421657,55.8825537341722
"Ireland",1974,4.26005781168555,65.4591739873774,4.72433129869485,52.0617641838727
"Ireland",1975,5.65403145168621,72.3595163044641,4.26005781168555,65.4591739873774
"Ireland",1976,1.39808999397746,77.6392916087447,5.65403145168621,72.3595163044641
"Ireland",1977,8.20924016800306,74.1439815635722,1.39808999397746,77.6392916087447
"Ireland",1978,7.19046498863012,76.4719183367095,8.20924016800306,74.1439815635722
"Ireland",1979,3.07242136064374,82.6061853569793,7.19046498863012,76.4719183367095
"Ireland",1980,2.9,84.3512099678799,3.07242136064374,82.6061853569793
"Ireland",1981,2.5,89.752758709987,2.9,84.3512099678799
"Ireland",1982,1.5,87.2017319110256,2.5,89.752758709987
"Ireland",1983,-0.7,96.4919028905489,1.5,87.2017319110256
"Ireland",1984,3.2,101.60412646234,-0.7,96.4919028905489
"Ireland",1985,1.9,102.963176069486,3.2,101.60412646234
"Ireland",1986,0.4,109.678571315794,1.9,102.963176069486
"Ireland",1987,3.6,112.430132889981,0.4,109.678571315794
"Ireland",1988,3,108.334249118853,3.6,112.430132889981
"Ireland",1989,5.6,97.6786350906523,3,108.334249118853
"Ireland",1990,7.7,87.7093696651545,5.6,97.6786350906523
"Ireland",1991,1.6,85.5213568914452,7.7,87.7093696651545
"Ireland",1992,3.6,83.5548723955984,1.6,85.5213568914452
"Ireland",1993,2.3,83.2707730987993,3.6,83.5548723955984
"Ireland",1994,5.9,79.8014970554409,2.3,83.2707730987993
"Ireland",1995,9.6,72.9536573293796,5.9,79.8014970554409
"Ireland",1996,8.1,65.5486447104508,9.6,72.9536573293796
"Ireland",1997,11.5,58.165691493955,8.1,65.5486447104508
"Ireland",1998,8.4,48.7628763373456,11.5,58.165691493955
"Ireland",1999,10.7,43.9785064844018,8.4,48.7628763373456
"Ireland",2000,9.4,34.8296542110365,10.7,43.9785064844018
"Ireland",2001,5.7,30.9440061610583,9.4,34.8296542110365
"Ireland",2002,6.5,27.9144673880316,5.7,30.9440061610583
"Ireland",2003,4.4,26.9106308189293,6.5,27.9144673880316
"Ireland",2004,4.6,25.3833519282964,4.4,26.9106308189293
"Ireland",2005,6.2,23.5559104674034,4.6,25.3833519282964
"Ireland",2006,5.4,20.3197610884445,6.2,23.5559104674034
"Ireland",2007,6,19.7938425892705,5.4,20.3197610884445
"Ireland",2008,-3,27.7191815575867,6,19.7938425892705
"Ireland",2009,-7.5,44.3713662790698,-3,27.7191815575867
"Italy",1952,7.4851076312108,26.8738115816768,7.46558193953575,26.5700708162505
"Italy",1953,7.21472019145486,26.7213755373193,7.4851076312108,26.8738115816768
"Italy",1954,5.18679511278195,28.6489658207423,7.21472019145486,26.7213755373193
"Italy",1955,5.8194188492396,28.3222458754657,5.18679511278195,28.6489658207423
"Italy",1956,4.53408036448553,27.9645476772616,5.8194188492396,28.3222458754657
"Italy",1957,5.90368491243127,27.5308852832337,4.53408036448553,27.9645476772616
"Italy",1958,5.34695628684474,27.0056197646061,5.90368491243127,27.5308852832337
"Italy",1959,6.22756342574438,26.6992860352489,5.34695628684474,27.0056197646061
"Italy",1960,5.42194549656203,24.6977205153617,6.22756342574438,26.6992860352489
"Italy",1961,8.42175088642034,21.7431228206122,5.42194549656203,24.6977205153617
"Italy",1962,7.79708812641309,20.759707566039,8.42175088642034,21.7431228206122
"Italy",1963,7.12306034606942,18.2679512268553,7.79708812641309,20.759707566039
"Italy",1964,3.90267386007284,17.9521452145215,7.12306034606942,18.2679512268553
"Italy",1965,2.24857829903218,17.8626929761783,3.90267386007284,17.9521452145215
"Italy",1966,5.21973570958432,16.6599713776394,2.24857829903218,17.8626929761783
"Italy",1967,7.11988047319909,14.2633451957295,5.21973570958432,16.6599713776394
"Italy",1968,8.36193265533474,16.0459770114943,7.11988047319909,14.2633451957295
"Italy",1969,5.71837782042939,15.9934235976789,8.36193265533474,16.0459770114943
"Italy",1970,2.24585384598794,14.4022663562856,5.71837782042939,15.9934235976789
"Italy",1971,1.89432144596611,16.3769757384699,2.24585384598794,14.4022663562856
"Italy",1972,2.92593882025274,18.6433600775778,1.89432144596611,16.3769757384699
"Italy",1973,6.54193475251996,20.1985997393275,2.92593882025274,18.6433600775778
"Italy",1974,4.68961564269204,22.6748078607267,6.54193475251996,20.1985997393275
"Italy",1975,-2.14641662841781,27.6369806501603,4.68961564269204,22.6748078607267
"Italy",1976,6.49824272212227,29.992172412611,-2.14641662841781,27.6369806501603
"Italy",1977,2.88971697415756,32.7933728055531,6.49824272212227,29.992172412611
"Italy",1978,3.72813052278829,46.6471860347054,2.88971697415756,32.7933728055531
"Italy",1979,5.67285782925124,45.7606465691847,3.72813052278829,46.6471860347054
"Italy",1980,-1.414,45.6256048450036,5.67285782925124,45.7606465691847
"Italy",1981,0.781,52.8589272083825,-1.414,45.6256048450036
"Italy",1982,0.668,58.4786750426646,0.781,52.8589272083825
"Italy",1983,0.913,64.3068582425684,0.668,58.4786750426646
"Italy",1984,3.226,66.4556456169265,0.913,64.3068582425684
"Italy",1985,2.798,61.9725457141383,3.226,66.4556456169265
"Italy",1986,2.86,67.1018992978972,2.798,61.9725457141383
"Italy",1987,3.192,70.8155818410231,2.86,67.1018992978972
"Italy",1988,4.194,73.7074960652978,3.192,70.8155818410231
"Italy",1989,3.388,76.6745765827491,4.194,73.7074960652978
"Italy",1990,2.053,78.9842750391799,3.388,76.6745765827491
"Italy",1991,1.534,81.9491201888037,2.053,78.9842750391799
"Italy",1992,0.773,85.4432635479032,1.534,81.9491201888037
"Italy",1993,-0.888,95.1402305432455,0.773,85.4432635479032
"Italy",1994,2.152,104.801115635371,-0.888,95.1402305432455
"Italy",1995,2.827,104.288665976122,2.152,104.801115635371
"Italy",1996,1.095,103.77586721411,2.827,104.288665976122
"Italy",1997,1.872,101.150834687546,1.095,103.77586721411
"Italy",1998,1.401,99.743655266732,1.872,101.150834687546
"Italy",1999,1.464,97.8009741901711,1.401,99.743655266732
"Italy",2000,3.693,95.1171225630951,1.464,97.8009741901711
"Italy",2001,1.818,91.7101669803388,3.693,95.1171225630951
"Italy",2002,0.454,88.2419338650278,1.818,91.7101669803388
"Italy",2003,-0.017,86.6571086232074,0.454,88.2419338650278
"Italy",2004,1.532,85.1037347380222,-0.017,86.6571086232074
"Italy",2005,0.656,84.8582372611019,1.532,85.1037347380222
"Italy",2006,2.036,84.621177745762,0.656,84.8582372611019
"Italy",2007,1.564,83.4073997359087,2.036,84.621177745762
"Italy",2008,-1.04,86.2595723299242,1.564,83.4073997359087
"Italy",2009,-5.145,97.135118206495,-1.04,86.2595723299242
"Japan",1957,7.32824619996182,8.93583710157207,6.20152665914178,10.6158752732907
"Japan",1958,6.39535957113628,9.32083582503488,7.32824619996182,8.93583710157207
"Japan",1959,8.3429692811767,9.49918500716436,6.39535957113628,9.32083582503488
"Japan",1960,11.2621178279494,8.37169341086966,8.3429692811767,9.49918500716436
"Japan",1961,9.99769677522357,6.32454684146562,11.2621178279494,8.37169341086966
"Japan",1962,6.71625365983657,5.83640572946811,9.99769677522357,6.32454684146562
"Japan",1963,7.71374677256085,4.71690186834016,6.71625365983657,5.83640572946811
"Japan",1964,9.23443470628904,4.56720591172359,7.71374677256085,4.71690186834016
"Japan",1965,5.12189575615163,5.37504716120002,9.23443470628904,4.56720591172359
"Japan",1966,9.70177571752924,6.97478124181294,5.12189575615163,5.37504716120002
"Japan",1967,10.4644217220371,8.53647287644896,9.70177571752924,6.97478124181294
"Japan",1968,10.5278072813931,9.0341539106256,10.4644217220371,8.53647287644896
"Japan",1969,11.7832236773483,8.80517251630673,10.5278072813931,9.0341539106256
"Japan",1970,10.133699674495,8.48913421383082,11.7832236773483,8.80517251630673
"Japan",1971,4.73127613158759,9.42441695486938,10.133699674495,8.48913421383082
"Japan",1972,8.59311513210601,12.6677493441161,4.73127613158759,9.42441695486938
"Japan",1973,8.19770618986535,11.6930896549272,8.59311513210601,12.6677493441161
"Japan",1974,-1.59305581714351,11.7021416227168,8.19770618986535,11.6930896549272
"Japan",1975,2.83806811128742,15.3682114517249,-1.59305581714351,11.7021416227168
"Japan",1976,4.00023176008617,19.6177976022525,2.83806811128742,15.3682114517249
"Japan",1977,3.58950464093135,24.834265334928,4.00023176008617,19.6177976022525
"Japan",1978,4.22294654498043,30.4983640241874,3.58950464093135,24.834265334928
"Japan",1979,6.8046807565769,35.0056430463965,4.22294654498043,30.4983640241874
"Japan",1980,4.62659880715124,39.0617707155631,6.8046807565769,35.0056430463965
"Japan",1981,4.17684395604396,40.9274460977366,4.62659880715124,39.0617707155631
"Japan",1982,3.37660829649262,44.2762554278416,4.17684395604396,40.9274460977366
"Japan",1983,3.0607380356708,48.0581688429471,3.37660829649262,44.2762554278416
"Japan",1984,4.46389901590438,49.2488474999918,3.0607380356708,48.0581688429471
"Japan",1985,6.33335688872323,50.2071874079167,4.46389901590438,49.2488474999918
"Japan",1986,2.83107664083677,54.1692574820794,6.33335688872323,50.2071874079167
"Japan",1987,4.10742706379599,55.8154435879349,2.83107664083677,54.1692574820794
"Japan",1988,7.14669370734153,54.0401856496296,4.10742706379599,55.8154435879349
"Japan",1989,5.37015251893587,50.7890586471746,7.14669370734153,54.0401856496296
"Japan",1990,5.57239829949512,49.230105083783,5.37015251893587,50.7890586471746
"Japan",1991,3.32434077482637,47.9655471409594,5.57239829949512,49.230105083783
"Japan",1992,0.819029858818543,49.8137325907611,3.32434077482637,47.9655471409594
"Japan",1993,0.171062719635451,55.3201551316099,0.819029858818543,49.8137325907611
"Japan",1994,0.863578243757668,59.9567980400862,0.171062719635451,55.3201551316099
"Japan",1995,1.8816560884261,66.1185036913377,0.863578243757668,59.9567980400862
"Japan",1996,2.63728736395086,70.4334254811983,1.8816560884261,66.1185036913377
"Japan",1997,1.56356659319179,75.3317328126789,2.63728736395086,70.4334254811983
"Japan",1998,-2.04886791034151,86.6714998524294,1.56356659319179,75.3317328126789
"Japan",1999,-0.141010782108641,98.3403298441208,-2.04886791034151,86.6714998524294
"Japan",2000,2.86013943123504,106.480645738484,-0.141010782108641,98.3403298441208
"Japan",2001,0.18438948337951,122.018805754239,2.86013943123504,106.480645738484
"Japan",2002,0.262257029347435,130.913655681115,0.18438948337951,122.018805754239
"Japan",2003,1.4135402737087,136.677422118158,0.262257029347435,130.913655681115
"Japan",2004,2.74426209676633,150.725325488433,1.4135402737087,136.677422118158
"Japan",2005,1.93409253753054,162.074525545409,2.74426209676633,150.725325488433
"Japan",2006,2.0394692472756,164.036364353079,1.93409253753054,162.074525545409
"Japan",2007,2.33731652904197,162.46546660075,2.0394692472756,164.036364353079
"Japan",2008,-0.705249317140966,166.87808329605,2.33731652904197,162.46546660075
"Japan",2009,-5.36936455859048,181.511011155724,-0.705249317140966,166.87808329605
"Netherlands",1958,-0.296605122096483,47.0868910095429,2.81186469738164,46.3609805664931
"Netherlands",1959,4.88883047992259,44.7822756466914,-0.296605122096483,47.0868910095429
"Netherlands",1960,8.41411046438783,41.1218894981021,4.88883047992259,44.7822756466914
"Netherlands",1961,0.288926245009447,38.8891658772498,8.41411046438783,41.1218894981021
"Netherlands",1962,6.84930071761563,35.1851851851852,0.288926245009447,38.8891658772498
"Netherlands",1963,3.62083672408891,34.5932094811019,6.84930071761563,35.1851851851852
"Netherlands",1964,8.28870427492761,29.770548939878,3.62083672408891,34.5932094811019
"Netherlands",1965,5.23303566747637,28.2770500861312,8.28870427492761,29.770548939878
"Netherlands",1966,2.7558434010047,28.0689181522291,5.23303566747637,28.2770500861312
"Netherlands",1967,5.26286019037769,29.382957884427,2.7558434010047,28.0689181522291
"Netherlands",1968,6.41758849132934,28.9577658347444,5.26286019037769,29.382957884427
"Netherlands",1969,6.43813975632452,23.9137561953985,6.41758849132934,28.9577658347444
"Netherlands",1970,5.69494144437215,23.3934223200771,6.43813975632452,23.9137561953985
"Netherlands",1971,4.22173062742457,21.1767573661598,5.69494144437215,23.3934223200771
"Netherlands",1972,3.30997483680839,19.1755858073466,4.22173062742457,21.1767573661598
"Netherlands",1973,4.68797455916246,17.1088431332945,3.30997483680839,19.1755858073466
"Netherlands",1974,3.96607334846495,16.6500863919577,4.68797455916246,17.1088431332945
"Netherlands",1975,-0.0913751689346265,17.738737798689,3.96607334846495,16.6500863919577
"Netherlands",1976,4.70875594207978,18.6906530046894,-0.0913751689346265,17.738737798689
"Netherlands",1977,2.71870456185863,19.3194660802101,4.70875594207978,18.6906530046894
"Netherlands",1978,2.35854820970305,20.6618880153974,2.71870456185863,19.3194660802101
"Netherlands",1979,2.22709726201846,22.6937478724611,2.35854820970305,20.6618880153974
"Netherlands",1980,1.20583354825523,26.0700219635269,2.22709726201846,22.6937478724611
"Netherlands",1981,-0.513749767944915,30.4992019177708,1.20583354825523,26.0700219635269
"Netherlands",1982,-1.28309663182063,36.5552520373422,-0.513749767944915,30.4992019177708
"Netherlands",1983,1.75796178343948,42.7050170161379,-1.28309663182063,36.5552520373422
"Netherlands",1984,3.11919492141439,47.8232795955757,1.75796178343948,42.7050170161379
"Netherlands",1985,2.65633321845922,51.4384170630874,3.11919492141439,47.8232795955757
"Netherlands",1986,3.12472580922045,51.9223937829381,2.65633321845922,51.4384170630874
"Netherlands",1987,1.85072837980809,54.128956826744,3.12472580922045,51.9223937829381
"Netherlands",1988,2.98043431676287,56.8870867701651,1.85072837980809,54.128956826744
"Netherlands",1989,4.78459449450683,57.520964360587,2.98043431676287,56.8870867701651
"Netherlands",1990,4.06461102453375,58.4247888619278,4.78459449450683,57.520964360587
"Netherlands",1991,2.40509481623794,59.2484028267725,4.06461102453375,58.4247888619278
"Netherlands",1992,1.48951559158974,60.6442703173317,2.40509481623794,59.2484028267725
"Netherlands",1993,0.651357331582281,61.227776110554,1.48951559158974,60.6442703173317
"Netherlands",1994,2.86436915237676,58.048741465722,0.651357331582281,61.227776110554
"Netherlands",1995,3.0331904558653,58.9331752172731,2.86436915237676,58.048741465722
"Netherlands",1996,3.40600448688215,57.6691529452237,3.0331904558653,58.9331752172731
"Netherlands",1997,4.27843544400934,53.9100097300993,3.40600448688215,57.6691529452237
"Netherlands",1998,3.92352083372789,52.0051646508343,4.27843544400934,53.9100097300993
"Netherlands",1999,4.68448579737009,49.1205174614765,3.92352083372789,52.0051646508343
"Netherlands",2000,3.94093202656964,42.9945449325294,4.68448579737009,49.1205174614765
"Netherlands",2001,1.92578237151881,40.247380681704,3.94093202656964,42.9945449325294
"Netherlands",2002,0.0762894680628845,40.4330050256441,1.92578237151881,40.247380681704
"Netherlands",2003,0.335652328925207,42.5206260679953,0.0762894680628845,40.4330050256441
"Netherlands",2004,2.23650836323683,43.7514251278543,0.335652328925207,42.5206260679953
"Netherlands",2005,2.04650014176873,42.948382082831,2.23650836323683,43.7514251278543
"Netherlands",2006,3.39426640554628,39.1695173782339,2.04650014176873,42.948382082831
"Netherlands",2007,3.61311574886765,37.9837654572823,3.39426640554628,39.1695173782339
"Netherlands",2008,1.99580842581708,50.2951082678982,3.61311574886765,37.9837654572823
"Netherlands",2009,-4.17271616179016,50.4754848763113,1.99580842581708,50.2951082678982
"New Zealand",1947,11.9320789352914,120.429771784232,7.71131982204647,134.014453584019
"New Zealand",1948,-9.92209922099221,117.20595959596,11.9320789352914,120.429771784232
"New Zealand",1949,10.7874374146564,111.486269196025,-9.92209922099221,117.20595959596
"New Zealand",1950,14.6759487665158,87.6529119318182,10.7874374146564,111.486269196025
"New Zealand",1951,-7.63510163609321,91.7511309115833,14.6759487665158,87.6529119318182
"New Zealand",1952,4.34782608695652,85.831609947644,-7.63510163609321,91.7511309115833
"New Zealand",1953,3.42078189300412,79.2638461538461,4.34782608695652,85.831609947644
"New Zealand",1954,13.7652325292216,75.2755993606819,3.42078189300412,79.2638461538461
"New Zealand",1955,1.86359164936059,73.8437594744821,13.7652325292216,75.2755993606819
"New Zealand",1956,5.18268147432803,70.7604427333975,1.86359164936059,73.8437594744821
"New Zealand",1957,2.85641418005611,68.0556404494382,5.18268147432803,70.7604427333975
"New Zealand",1958,3.92759732209274,67.3943127962085,2.85641418005611,68.0556404494382
"New Zealand",1959,7.1193396001336,65.7979049153908,3.92759732209274,67.3943127962085
"New Zealand",1960,0,62.8593970971343,7.1193396001336,65.7979049153908
"New Zealand",1961,5.59044946322775,62.3911606180381,0,62.8593970971343
"New Zealand",1962,2.15575430307122,60.2763587862621,5.59044946322775,62.3911606180381
"New Zealand",1963,6.33491637414825,59.0982584784601,2.15575430307122,60.2763587862621
"New Zealand",1964,4.87397568837624,56.331680133742,6.33491637414825,59.0982584784601
"New Zealand",1965,6.36942675159236,55.1865359814289,4.87397568837624,56.331680133742
"New Zealand",1966,6.30831360534745,55.8545679623669,6.36942675159236,55.1865359814289
"New Zealand",1967,-4.56510348441184,57.6608654076022,6.30831360534745,55.8545679623669
"New Zealand",1968,-0.161279253311375,58.9848737601443,-4.56510348441184,57.6608654076022
"New Zealand",1969,10.3247980752707,54.0802493182704,-0.161279253311375,58.9848737601443
"New Zealand",1970,-1.41748964142185,49.3332133058985,10.3247980752707,54.0802493182704
"New Zealand",1971,5.18581721653395,43.7439918533605,-1.41748964142185,49.3332133058985
"New Zealand",1972,4.28421210755596,39.982280723959,5.18581721653395,43.7439918533605
"New Zealand",1973,7.10437613436663,37.7758452005653,4.28421210755596,39.982280723959
"New Zealand",1974,5.95260510530704,36.0475482912333,7.10437613436663,37.7758452005653
"New Zealand",1975,-1.15003808073115,35.8159067535139,5.95260510530704,36.0475482912333
"New Zealand",1976,2.43983871381976,39.3730941068009,-1.15003808073115,35.8159067535139
"New Zealand",1977,-4.87126131320982,41.9706078824315,2.43983871381976,39.3730941068009
"New Zealand",1978,0.403225806451624,44.0971812713763,-4.87126131320982,41.9706078824315
"New Zealand",1979,2.03953067170644,44.5263955544329,0.403225806451624,44.0971812713763
"New Zealand",1980,1.009,44.9765135699374,2.03953067170644,44.5263955544329
"New Zealand",1981,2.961,41.629916460507,1.009,44.9765135699374
"New Zealand",1982,2.878,45.7671368079213,2.961,41.629916460507
"New Zealand",1983,-0.124,53.7529779844427,2.878,45.7671368079213
"New Zealand",1984,6.858,55.591419712296,-0.124,53.7529779844427
"New Zealand",1985,1.213,62.3647365399055,6.858,55.591419712296
"New Zealand",1986,1.81,57.2912190230626,1.213,62.3647365399055
"New Zealand",1987,0.754,67.7775117708084,1.81,57.2912190230626
"New Zealand",1988,-0.022,57.4385815310878,0.754,67.7775117708084
"New Zealand",1989,0.846,55.2647324845196,-0.022,57.4385815310878
"New Zealand",1990,0.056,60.6176181102362,0.846,55.2647324845196
"New Zealand",1991,-1.677,60.2377426785127,0.056,60.6176181102362
"New Zealand",1992,0.771,62.0285463679132,-1.677,60.2377426785127
"New Zealand",1993,5.195,58.3360979026134,0.771,62.0285463679132
"New Zealand",1994,5.859,52.9775556544461,5.195,58.3360979026134
"New Zealand",1995,4.337,47.2018839648897,5.859,52.9775556544461
"New Zealand",1996,4.019,42.3637978379151,4.337,47.2018839648897
"New Zealand",1997,2.163,35.3988919394995,4.019,42.3637978379151
"New Zealand",1998,-0.048,36.6492247874573,2.163,35.3988919394995
"New Zealand",1999,4.329,33.4844352830653,-0.048,36.6492247874573
"New Zealand",2000,3.83,31.0950252791055,4.329,33.4844352830653
"New Zealand",2001,2.614,29.4927954815314,3.83,31.0950252791055
"New Zealand",2002,4.926,27.6338488313512,2.614,29.4927954815314
"New Zealand",2003,4.135,25.7871343023339,4.926,27.6338488313512
"New Zealand",2004,4.536,23.6931962173049,4.135,25.7871343023339
"New Zealand",2005,2.813,22.271297384894,4.536,23.6931962173049
"New Zealand",2006,1.954,21.3481590290654,2.813,22.271297384894
"New Zealand",2007,3.193,17.5250704668216,1.954,21.3481590290654
"New Zealand",2008,0.194,17.7386166570323,3.193,17.5250704668216
"New Zealand",2009,-2.175,24.2546978232533,0.194,17.7386166570323
"Norway",1947,13.5629733774774,53.1086939386774,10.2012700697625,64.9935052885508
"Norway",1948,6.95151660376605,45.5286248561565,13.5629733774774,53.1086939386774
"Norway",1949,2.66708986608539,45.4748480632643,6.95151660376605,45.5286248561565
"Norway",1950,4.87008706326295,31.5318781927951,2.66708986608539,45.4748480632643
"Norway",1951,5.4177667373313,26.343725019984,4.87008706326295,31.5318781927951
"Norway",1952,3.52437038377391,23.7955817094347,5.4177667373313,26.343725019984
"Norway",1953,3.97165261744541,25.9615476133822,3.52437038377391,23.7955817094347
"Norway",1954,5.04752953402716,26.1893065485328,3.97165261744541,25.9615476133822
"Norway",1955,2.20773032955921,26.7011285937886,5.04752953402716,26.1893065485328
"Norway",1956,5.33676377961161,26.8607530405651,2.20773032955921,26.7011285937886
"Norway",1957,3.01577649403737,28.1465399343545,5.33676377961161,26.8607530405651
"Norway",1958,0,28.4609853802171,3.01577649403737,28.1465399343545
"Norway",1959,4.21529693018559,29.8979262226242,0,28.4609853802171
"Norway",1960,5.62665399586522,29.4609474257366,4.21529693018559,29.8979262226242
"Norway",1961,6.2677256369313,25.1066377882533,5.62665399586522,29.4609474257366
"Norway",1962,2.81600511338311,24.2761555739449,6.2677256369313,25.1066377882533
"Norway",1963,3.82434097874336,22.9756247125556,2.81600511338311,24.2761555739449
"Norway",1964,4.97765125452359,22.0751380776414,3.82434097874336,22.9756247125556
"Norway",1965,5.31050493325596,20.5058393637601,4.97765125452359,22.0751380776414
"Norway",1966,3.78203361807661,22.2525609778446,5.31050493325596,20.5058393637601
"Norway",1967,6.24741064582213,23.1021775544389,3.78203361807661,22.2525609778446
"Norway",1968,2.24568539291954,23.0933333333333,6.24741064582213,23.1021775544389
"Norway",1969,4.51282440271132,22.7937998789939,2.24568539291954,23.0933333333333
"Norway",1970,1.98701264664198,23.6350889492595,4.51282440271132,22.7937998789939
"Norway",1971,5.13049614827319,24.3005443016666,1.98701264664198,23.6350889492595
"Norway",1972,5.09315929308372,26.0878401723472,5.13049614827319,24.3005443016666
"Norway",1973,4.41316973151697,26.3929120623681,5.09315929308372,26.0878401723472
"Norway",1974,4.19219855239348,26.1643413242889,4.41316973151697,26.3929120623681
"Norway",1975,5.22786814878407,27.6270662129628,4.19219855239348,26.1643413242889
"Norway",1976,5.86305574701056,29.4237562167197,5.22786814878407,27.6270662129628
"Norway",1977,4.267506802234,34.8495290604181,5.86305574701056,29.4237562167197
"Norway",1978,3.48768224598128,35.6426572701834,4.267506802234,34.8495290604181
"Norway",1979,4.48125501957206,38.6085296516063,3.48768224598128,35.6426572701834
"Norway",1980,4.94943965889776,33.9700284081882,4.48125501957206,38.6085296516063
"Norway",1981,1.5475053130301,29.8364590232993,4.94943965889776,33.9700284081882
"Norway",1982,0.124993519921213,26.0019790322783,1.5475053130301,29.8364590232993
"Norway",1983,3.866893713637,20.836349286882,0.124993519921213,26.0019790322783
"Norway",1984,5.89410368083774,23.2228229480845,3.866893713637,20.836349286882
"Norway",1985,5.35402951350146,25.7751180235758,5.89410368083774,23.2228229480845
"Norway",1986,4.0375523145842,34.0315961134573,5.35402951350146,25.7751180235758
"Norway",1987,1.78001352049946,26.5299012469757,4.0375523145842,34.0315961134573
"Norway",1988,-0.172848825260929,25.5291968843979,1.78001352049946,26.5299012469757
"Norway",1989,0.997558549031363,25.3569062234557,-0.172848825260929,25.5291968843979
"Norway",1990,1.9275140029591,22.3914327816976,0.997558549031363,25.3569062234557
"Norway",1991,3.10462896148147,22.9411893617213,1.9275140029591,22.3914327816976
"Norway",1992,3.5231049814781,27.2192636777982,3.10462896148147,22.9411893617213
"Norway",1993,2.78663707893585,35.3532220680737,3.5231049814781,27.2192636777982
"Norway",1994,5.05138434156795,33.022191473431,2.78663707893585,35.3532220680737
"Norway",1995,4.18634907398121,30.8175320662641,5.05138434156795,33.022191473431
"Norway",1996,5.09976633590639,27.5736454370323,4.18634907398121,30.8175320662641
"Norway",1997,5.39264034704545,24.6769063064029,5.09976633590639,27.5736454370323
"Norway",1998,2.68278349077422,22.2463958749868,5.39264034704545,24.6769063064029
"Norway",1999,2.02577059008238,20.8625234797611,2.68278349077422,22.2463958749868
"Norway",2000,3.25356799462169,19.3019362156031,2.02577059008238,20.8625234797611
"Norway",2001,1.99015413560657,18.1327876425769,3.25356799462169,19.3019362156031
"Norway",2002,1.5020556300011,18.9926973001547,1.99015413560657,18.1327876425769
"Norway",2003,1.01352403424735,21.3217218900385,1.5020556300011,18.9926973001547
"Norway",2004,3.86412636417943,18.4019873324766,1.01352403424735,21.3217218900385
"Norway",2005,2.73920744287439,17.1726661595707,3.86412636417943,18.4019873324766
"Norway",2006,2.28088854199129,12.472992308654,2.73920744287439,17.1726661595707
"Norway",2007,3.13409178573727,11.6528406620673,2.28088854199129,12.472992308654
"Norway",2008,2.13213029844797,13.7334793118604,3.13409178573727,11.6528406620673
"Norway",2009,-1.90667609190309,21.653991277091,2.13213029844797,13.7334793118604
"Portugal",1954,4.79862026985898,20.3128712871287,6.9785109615802,20.7926829268293
"Portugal",1955,4.12391093901259,19.6704119850187,4.79862026985898,20.3128712871287
"Portugal",1956,4.3650055782819,19.1951219512195,4.12391093901259,19.6704119850187
"Portugal",1957,4.42741971404392,18.5241264559068,4.3650055782819,19.1951219512195
"Portugal",1958,1.31371294519087,17.6228209191759,4.42741971404392,18.5241264559068
"Portugal",1959,5.41405296173114,17.3135215453195,1.31371294519087,17.6228209191759
"Portugal",1960,6.67758297056591,15.9427012278308,5.41405296173114,17.3135215453195
"Portugal",1961,5.46216914379845,14.850443599493,6.67758297056591,15.9427012278308
"Portugal",1962,6.63826766063187,13.9856972586412,5.46216914379845,14.850443599493
"Portugal",1963,5.93541944074567,16.2349066959385,6.63826766063187,13.9856972586412
"Portugal",1964,6.5927159601546,15.5476673427992,5.93541944074567,16.2349066959385
"Portugal",1965,7.44376639839628,14.7170154686078,6.5927159601546,15.5476673427992
"Portugal",1966,4.06903363880811,14.578073089701,7.44376639839628,14.7170154686078
"Portugal",1967,7.54831395502122,15.9910846953938,4.06903363880811,14.578073089701
"Portugal",1968,8.89635222592666,16.8927595628415,7.54831395502122,15.9910846953938
"Portugal",1969,2.12286981382679,17.617445482866,8.89635222592666,16.8927595628415
"Portugal",1970,9.11295300238075,16.9644839067703,2.12286981382679,17.617445482866
"Portugal",1971,6.6325912158067,16.0539871223378,9.11295300238075,16.9644839067703
"Portugal",1972,8.01424755120215,14.1072340425532,6.6325912158067,16.0539871223378
"Portugal",1973,11.2013471084528,11.801559177888,8.01424755120215,14.1072340425532
"Portugal",1974,1.14358723598909,10.3097553787209,11.2013471084528,11.801559177888
"Portugal",1975,-4.34796169801316,10.2486744432662,1.14358723598909,10.3097553787209
"Portugal",1976,6.8999250008152,9.11132437619962,-4.34796169801316,10.2486744432662
"Portugal",1977,5.60198883567702,7.42993737946065,6.8999250008152,9.11132437619962
"Portugal",1978,2.81633183610392,6.81163157286373,5.60198883567702,7.42993737946065
"Portugal",1979,5.6385115677984,6.3095770275904,2.81633183610392,6.81163157286373
"Portugal",1980,4.59024241054213,7.98859908920098,5.6385115677984,6.3095770275904
"Portugal",1981,1.5475053130301,10.0854683773665,4.59024241054213,7.98859908920098
"Portugal",1982,0.124993519921213,11.3785053042299,1.5475053130301,10.0854683773665
"Portugal",1983,3.866893713637,12.7093018203936,0.124993519921213,11.3785053042299
"Portugal",1984,5.89410368083774,9.01268942689818,3.866893713637,12.7093018203936
"Portugal",1985,5.35402951350146,13.249885071823,5.89410368083774,9.01268942689818
"Portugal",1986,4.0375523145842,14.0260084191387,5.35402951350146,13.249885071823
"Portugal",1987,1.78001352049946,15.8364792604963,4.0375523145842,14.0260084191387
"Portugal",1988,-0.172848825260929,18.4203008816018,1.78001352049946,15.8364792604963
"Portugal",1989,0.997558549031363,21.2202551515463,-0.172848825260929,18.4203008816018
"Portugal",1990,1.9275140029591,23.8194764206321,0.997558549031363,21.2202551515463
"Portugal",1991,3.10462896148147,25.2796306614662,1.9275140029591,23.8194764206321
"Portugal",1992,3.5231049814781,29.5693075522632,3.10462896148147,25.2796306614662
"Portugal",1993,2.78663707893585,33.5545944739876,3.5231049814781,29.5693075522632
"Portugal",1994,5.05138434156795,35.4400005473154,2.78663707893585,33.5545944739876
"Portugal",1995,4.18634907398121,35.8896285936679,5.05138434156795,35.4400005473154
"Portugal",1996,5.09976633590639,39.170436562236,4.18634907398121,35.8896285936679
"Portugal",1997,5.39264034704545,39.4328445879042,5.09976633590639,39.170436562236
"Portugal",1998,2.68278349077422,32.9337774152148,5.39264034704545,39.4328445879042
"Portugal",1999,2.02577059008238,29.3507327407343,2.68278349077422,32.9337774152148
"Portugal",2000,3.25356799462169,54.122458493498,2.02577059008238,29.3507327407343
"Portugal",2001,1.99015413560657,56.0290855940854,3.25356799462169,54.122458493498
"Portugal",2002,1.5020556300011,58.6815349173767,1.99015413560657,56.0290855940854
"Portugal",2003,1.01352403424735,60.1643792123075,1.5020556300011,58.6815349173767
"Portugal",2004,3.86412636417943,62.9572810279751,1.01352403424735,60.1643792123075
"Portugal",2005,2.73920744287439,68.2371717496848,3.86412636417943,62.9572810279751
"Portugal",2006,2.28088854199129,69.8359237291407,2.73920744287439,68.2371717496848
"Portugal",2007,3.13409178573727,69.1290729812047,2.28088854199129,69.8359237291407
"Portugal",2008,2.13213029844797,71.2651899800274,3.13409178573727,69.1290729812047
"Portugal",2009,-1.90667609190309,80.1014511766213,2.13213029844797,71.2651899800274
"Spain",1947,1.98401483773321,55.1080753392524,4.15624967234915,61.1992977082494
"Spain",1948,0.281950434878975,55.609531530894,1.98401483773321,55.1080753392524
"Spain",1949,-0.0167943029228068,53.8783672724881,0.281950434878975,55.609531530894
"Spain",1950,2.05700261996127,46.2219432397813,-0.0167943029228068,53.8783672724881
"Spain",1951,9.20574778263028,39.9616507171476,2.05700261996127,46.2219432397813
"Spain",1952,8.56533804515442,38.9038378036674,9.20574778263028,39.9616507171476
"Spain",1953,-0.0287254646297752,40.2998530928489,8.56533804515442,38.9038378036674
"Spain",1954,7.09763246005666,37.9393484675048,-0.0287254646297752,40.2998530928489
"Spain",1955,3.31861682539647,38.8725551357856,7.09763246005666,37.9393484675048
"Spain",1956,8.18399792162126,35.2901897515051,3.31861682539647,38.8725551357856
"Spain",1957,3.28342653164513,34.0512330166791,8.18399792162126,35.2901897515051
"Spain",1958,6.27504749911987,30.0156438026474,3.28342653164513,34.0512330166791
"Spain",1982,1.23878181550685,11.583411507192,-0.407986506814972,10.3996583828247
"Spain",1983,1.65248955285577,12.9976399914182,1.23878181550685,11.583411507192
"Spain",1984,1.69805985938984,17.7343610374894,1.65248955285577,12.9976399914182
"Spain",1985,2.36164390408478,30.3881375420921,1.69805985938984,17.7343610374894
"Spain",1986,3.43204873106362,35.2351260222871,2.36164390408478,30.3881375420921
"Spain",1987,5.70898318787214,36.2503675586089,3.43204873106362,35.2351260222871
"Spain",1988,5.28454717239184,36.6836982150489,5.70898318787214,36.2503675586089
"Spain",1989,5.00392360632442,33.0671374911881,5.28454717239184,36.6836982150489
"Spain",1990,3.84645487390143,34.4816640920922,5.00392360632442,33.0671374911881
"Spain",1991,2.52556441064491,35.989719929478,3.84645487390143,34.4816640920922
"Spain",1992,0.850600661130363,36.1146492665431,2.52556441064491,35.989719929478
"Spain",1993,-1.31369492274666,39.4059571171948,0.850600661130363,36.1146492665431
"Spain",1994,2.33451353579444,48.6878002205627,-1.31369492274666,39.4059571171948
"Spain",1995,4.12223515715948,48.767550031112,2.33451353579444,48.6878002205627
"Spain",1996,2.421260942968,52.1624041764118,4.12223515715948,48.767550031112
"Spain",1997,3.86544200963685,55.7744372380596,2.421260942968,52.1624041764118
"Spain",1998,4.46884629775213,55.7152386633215,3.86544200963685,55.7744372380596
"Spain",1999,4.74529072551599,50.8218063185629,4.46884629775213,55.7152386633215
"Spain",2000,5.05280628219953,48.4400956426127,4.74529072551599,50.8218063185629
"Spain",2001,3.64500096912337,45.0906302245702,5.05280628219953,48.4400956426127
"Spain",2002,2.70385660350729,42.7809151323494,3.64500096912337,45.0906302245702
"Spain",2003,3.09767652788133,39.4844232363343,2.70385660350729,42.7809151323494
"Spain",2004,3.26652548656317,37.9474509001929,3.09767652788133,39.4844232363343
"Spain",2005,3.61545312560505,35.1193672479511,3.26652548656317,37.9474509001929
"Spain",2006,4.01733437974936,31.7445981037993,3.61545312560505,35.1193672479511
"Spain",2007,3.56531749679263,29.1782318353234,4.01733437974936,31.7445981037993
"Spain",2008,0.855729994059029,32.9283417547083,3.56531749679263,29.1782318353234
"Spain",2009,-3.76723274289228,42.5426803651224,0.855729994059029,32.9283417547083
"Sweden",1947,7.93664476293074,42.214742722963,11.3994033107838,47.2433714921531
"Sweden",1948,2.31577956591134,39.8391700173491,7.93664476293074,42.214742722963
"Sweden",1949,2.94912600006287,39.262870901928,2.31577956591134,39.8391700173491
"Sweden",1950,6.00784690253133,38.8698309736169,2.94912600006287,39.262870901928
"Sweden",1951,2.97712848423071,32.3870381127977,6.00784690253133,38.8698309736169
"Sweden",1952,0.563609787361741,29.4492458119975,2.97712848423071,32.3870381127977
"Sweden",1953,4.03442310043955,31.1722213470756,0.563609787361741,29.4492458119975
"Sweden",1954,5.27826336304087,31.8513504938768,4.03442310043955,31.1722213470756
"Sweden",1955,2.81078660502718,31.6386959686781,5.27826336304087,31.8513504938768
"Sweden",1956,3.49410087993678,30.7126952806792,2.81078660502718,31.6386959686781
"Sweden",1957,3.08230437820629,32.3847158387463,3.49410087993678,30.7126952806792
"Sweden",1958,3.63923777369586,31.8794263598259,3.08230437820629,32.3847158387463
"Sweden",1959,4.70046535455211,32.8658766699374,3.63923777369586,31.8794263598259
"Sweden",1960,5.62295589102586,31.5544407644018,4.70046535455211,32.8658766699374
"Sweden",1961,5.09151889602892,28.5423193499911,5.62295589102586,31.5544407644018
"Sweden",1962,6.04755533769636,25.0305178646885,5.09151889602892,28.5423193499911
"Sweden",1963,5.27072680270366,23.6443350511499,6.04755533769636,25.0305178646885
"Sweden",1964,8.0303933007581,21.4456003467707,5.27072680270366,23.6443350511499
"Sweden",1965,5.10999792918276,19.2649376701533,8.0303933007581,21.4456003467707
"Sweden",1966,4.37493744547561,19.0812139750199,5.10999792918276,19.2649376701533
"Sweden",1967,3.20853761174034,19.5190283646056,4.37493744547561,19.0812139750199
"Sweden",1968,4.40583841112201,21.0078272296178,3.20853761174034,19.5190283646056
"Sweden",1969,5.61929389650149,26.256351600965,4.40583841112201,21.0078272296178
"Sweden",1970,5.59010373351871,20.9927653199865,5.61929389650149,26.256351600965
"Sweden",1971,0.301218113903712,20.8286120881776,5.59010373351871,20.9927653199865
"Sweden",1972,3.30216387054647,22.1517682741291,0.301218113903712,20.8286120881776
"Sweden",1973,3.95068381723811,22.61890061038,3.30216387054647,22.1517682741291
"Sweden",1974,2.23094606806464,24.2122072253218,3.95068381723811,22.61890061038
"Sweden",1975,2.08907132471354,24.4250876872184,2.23094606806464,24.2122072253218
"Sweden",1976,0.447403700780002,23.636598794228,2.08907132471354,24.4250876872184
"Sweden",1977,-1.42106900449239,26.4802062613509,0.447403700780002,23.636598794228
"Sweden",1978,2.21634933001982,31.8038550127288,-1.42106900449239,26.4802062613509
"Sweden",1979,3.95618944884235,37.88499849667,2.21634933001982,31.8038550127288
"Sweden",1980,2.5989449667656,41.8512489495626,3.95618944884235,37.88499849667
"Sweden",1981,-0.202241958105964,49.3121753143841,2.5989449667656,41.8512489495626
"Sweden",1982,1.19311671732401,57.4758071768359,-0.202241958105964,49.3121753143841
"Sweden",1983,1.80975934519181,62.5060781645166,1.19311671732401,57.4758071768359
"Sweden",1984,4.27129379251117,64.7151247524561,1.80975934519181,62.5060781645166
"Sweden",1985,2.18966325766399,66.206429757467,4.27129379251117,64.7151247524561
"Sweden",1986,2.86106747740382,64.0218906017987,2.18966325766399,66.206429757467
"Sweden",1987,3.45713548559716,58.2613499115227,2.86106747740382,64.0218906017987
"Sweden",1988,2.66643113865095,52.3338023818513,3.45713548559716,58.2613499115227
"Sweden",1989,2.77913350141807,46.396582386144,2.66643113865095,52.3338023818513
"Sweden",1990,1.01028834275949,43.517749855778,2.77913350141807,46.396582386144
"Sweden",1991,-1.12128668229019,45.2177828240315,1.01028834275949,43.517749855778
"Sweden",1992,-1.20351128195971,57.5920961435353,-1.12128668229019,45.2177828240315
"Sweden",1993,-2.0577861113298,71.9640519137144,-1.20351128195971,57.5920961435353
"Sweden",1994,3.94685746955965,76.6204933360331,-2.0577861113298,71.9640519137144
"Sweden",1995,3.97305660204739,76.5938577490938,3.94685746955965,76.6204933360331
"Sweden",1996,1.46052038207654,76.1946233714344,3.97305660204739,76.5938577490938
"Sweden",1997,2.46028157031823,74.3163466528282,1.46052038207654,76.1946233714344
"Sweden",1998,3.81394552082206,72.0076636730961,2.46028157031823,74.3163466528282
"Sweden",1999,4.59540284999616,64.6986068541458,3.81394552082206,72.0076636730961
"Sweden",2000,4.39893243354854,56.8538082391477,4.59540284999616,64.6986068541458
"Sweden",2001,1.05773944471679,49.7307603022982,4.39893243354854,56.8538082391477
"Sweden",2002,2.41130871594777,47.9324261802079,1.05773944471679,49.7307603022982
"Sweden",2003,1.91259693534438,48.8535673816671,2.41130871594777,47.9324261802079
"Sweden",2004,4.12704459176849,47.8988632207729,1.91259693534438,48.8535673816671
"Sweden",2005,3.29833935766051,47.8415630186969,4.12704459176849,47.8988632207729
"Sweden",2006,4.24645958606078,43.7796944970163,3.29833935766051,47.8415630186969
"Sweden",2007,2.55972208860455,38.1216565977016,4.24645958606078,43.7796944970163
"Sweden",2008,-0.155069095887073,35.442493854692,2.55972208860455,38.1216565977016
"Sweden",2009,-4.82778286262043,35.2432812784664,-0.155069095887073,35.442493854692
"UK",1947,-1.27622446388918,237.940958039361,-2.45831022563576,247.481942215088
"UK",1948,2.92411005346198,213.971939201603,-1.27622446388918,237.940958039361
"UK",1949,3.3147168642687,197.768348263398,2.92411005346198,213.971939201603
"UK",1950,3.18145897484807,193.883378418996,3.3147168642687,197.768348263398
"UK",1951,2.72781893330165,175.338203463203,3.18145897484807,193.883378418996
"UK",1952,0.0523814267672229,161.990865294375,2.72781893330165,175.338203463203
"UK",1953,3.8362957776336,152.158168331289,0.0523814267672229,161.990865294375
"UK",1954,4.11183905272732,146.656736180073,3.8362957776336,152.158168331289
"UK",1955,3.45773206290352,138.193945613135,4.11183905272732,146.656736180073
"UK",1956,0.928156867700314,129.027486161481,3.45773206290352,138.193945613135
"UK",1957,1.65884666053966,122.180502148835,0.928156867700314,129.027486161481
"UK",1958,0.319358260631053,118.1431670282,1.65884666053966,122.180502148835
"UK",1959,4.28101110429107,112.43633974043,0.319358260631053,118.1431670282
"UK",1960,5.33010134737428,106.759825999923,4.28101110429107,112.43633974043
"UK",1961,2.33333163993639,103.060591690074,5.33010134737428,106.759825999923
"UK",1962,1.0812367203479,99.871129532235,2.33333163993639,103.060591690074
"UK",1963,4.29857475419175,98.1551514354303,1.0812367203479,99.871129532235
"UK",1964,5.48038414721719,90.9654508246058,4.29857475419175,98.1551514354303
"UK",1965,2.22695921966027,84.8222246990638,5.48038414721719,90.9654508246058
"UK",1966,1.92516381469343,82.0681348032156,2.22695921966027,84.8222246990638
"UK",1967,2.46377494623011,79.4071646682059,1.92516381469343,82.0681348032156
"UK",1968,4.19815807904997,78.3260032985157,2.46377494623011,79.4071646682059
"UK",1969,2.0745006370577,72.2710163111669,4.19815807904997,78.3260032985157
"UK",1970,2.2442424575998,63.9875425564841,2.0745006370577,72.2710163111669
"UK",1971,2.09327855331536,57.9885555748223,2.2442424575998,63.9875425564841
"UK",1972,3.65554423581387,55.4618467680785,2.09327855331536,57.9885555748223
"UK",1973,7.195866586973,49.4801797571936,3.65554423581387,55.4618467680785
"UK",1974,-1.3129395813914,47.477902807852,7.195866586973,49.4801797571936
"UK",1975,-0.622184670180304,42.4112371974475,-1.3129395813914,47.477902807852
"UK",1976,2.63496232805696,44.8112833995914,-0.622184670180304,42.4112371974475
"UK",1977,2.37469861666735,45.6995502575303,2.63496232805696,44.8112833995914
"UK",1978,3.22959975790749,46.7568972033258,2.37469861666735,45.6995502575303
"UK",1979,2.68007500768717,43.6125890974802,3.22959975790749,46.7568972033258
"UK",1980,-2.08179788391148,40.8750171538356,2.68007500768717,43.6125890974802
"UK",1981,-1.32345810475475,44.1066181778452,-2.08179788391148,40.8750171538356
"UK",1982,2.09306881722502,42.1280744705079,-1.32345810475475,44.1066181778452
"UK",1983,3.62434644737919,41.641954773166,2.09306881722502,42.1280744705079
"UK",1984,2.67092492691234,43.343245037328,3.62434644737919,41.641954773166
"UK",1985,3.5993814256188,43.6836227533323,2.67092492691234,43.343245037328
"UK",1986,4.01232982275881,44.036345975449,3.5993814256188,43.6836227533323
"UK",1987,4.56208084998957,43.3471358753339,4.01232982275881,44.036345975449
"UK",1988,5.03210179148073,41.2593258239117,4.56208084998957,43.3471358753339
"UK",1989,2.28144672355917,37.5651564707181,5.03210179148073,41.2593258239117
"UK",1990,0.779266146260205,33.8395147672296,2.28144672355917,37.5651564707181
"UK",1991,-1.39243896792991,33.1910721205885,0.779266146260205,33.8395147672296
"UK",1992,0.146630449478247,34.4855967078189,-1.39243896792991,33.1910721205885
"UK",1993,2.2222549499695,38.037377177482,0.146630449478247,34.4855967078189
"UK",1994,4.28017432855892,44.2823602751567,2.2222549499695,38.037377177482
"UK",1995,3.04273740443952,47.6175085166911,4.28017432855892,44.2823602751567
"UK",1996,2.87925648165115,49.9769740292635,3.04273740443952,47.6175085166911
"UK",1997,3.30717007853321,50.5419868111322,2.87925648165115,49.9769740292635
"UK",1998,3.60573081807554,47.5974346549092,3.30717007853321,50.5419868111322
"UK",1999,3.47324115733441,45.3987703638302,3.60573081807554,47.5974346549092
"UK",2000,3.91503674974381,43.6482945276811,3.47324115733441,45.3987703638302
"UK",2001,2.46183202504959,41.6856848706436,3.91503674974381,43.6482945276811
"UK",2002,2.09653279545381,40.401500979951,2.46183202504959,41.6856848706436
"UK",2003,2.81802206208706,39.3075299233338,2.09653279545381,40.401500979951
"UK",2004,2.75780744130709,41.3268105340161,2.81802206208706,39.3075299233338
"UK",2005,2.05758646422662,38.5946445943575,2.75780744130709,41.3268105340161
"UK",2006,2.83783829006856,40.0512897872982,2.05758646422662,38.5946445943575
"UK",2007,3.02238210993202,41.0328262610088,2.83783829006856,40.0512897872982
"UK",2008,0.70691524518951,42.451819017917,3.02238210993202,41.0328262610088
"US",1947,-0.898337239147429,105.811709589922,-10.9421586165772,121.252069834833
"US",1948,4.39727492821351,93.754086403939,-0.898337239147429,105.811709589922
"US",1949,-0.512350339769174,94.5996855763473,4.39727492821351,93.754086403939
"US",1950,8.74396920908549,87.6259286179775,-0.512350339769174,94.5996855763473
"US",1951,7.73180458624128,75.2201523180077,8.74396920908549,87.6259286179775
"US",1952,3.83138216648931,72.3151489771141,7.73180458624128,75.2201523180077
"US",1953,4.60359196042603,70.1479202844714,3.83138216648931,72.3151489771141
"US",1954,-0.630538513974088,71.3090428780231,4.60359196042603,70.1479202844714
"US",1955,7.19859372320357,66.1620985780082,-0.630538513974088,71.3090428780231
"US",1956,1.97576290845096,62.3572962160494,7.19859372320357,66.1620985780082
"US",1957,2.01592344197357,58.6699570366515,1.97576290845096,62.3572962160494
"US",1958,-0.903463919111147,59.1488051682363,2.01592344197357,58.6699570366515
"US",1959,7.17333954065797,56.1993499956573,-0.903463919111147,59.1488051682363
"US",1960,2.47601809954752,54.3941414984803,7.17333954065797,56.1993499956573
"US",1961,2.33141403793846,53.0416553983113,2.47601809954752,54.3941414984803
"US",1962,6.05820014498257,50.9135773810825,2.33141403793846,53.0416553983113
"US",1963,4.3711756281734,49.5078719643898,6.05820014498257,50.9135773810825
"US",1964,5.78788162285218,46.9730107379445,4.3711756281734,49.5078719643898
"US",1965,6.42042272204697,44.1209705164789,5.78788162285218,46.9730107379445
"US",1966,6.51505498462648,40.6128078957725,6.42042272204697,44.1209705164789
"US",1967,2.52776116297817,39.1904057898847,6.51505498462648,40.6128078957725
"US",1968,4.84210526315789,38.2038257227962,2.52776116297817,39.1904057898847
"US",1969,3.10640150965309,35.9325735311865,4.84210526315789,38.2038257227962
"US",1970,0.190060537800907,35.7236547192526,3.10640150965309,35.9325735311865
"US",1971,3.3583924682077,35.3327781732339,0.190060537800907,35.7236547192526
"US",1972,5.31121836267645,34.514941509088,3.3583924682077,35.3327781732339
"US",1973,5.79426382942101,33.1434280049193,5.31121836267645,34.514941509088
"US",1974,-0.551149074639012,31.6812147870624,5.79426382942101,33.1434280049193
"US",1975,-0.212683285956761,32.557183855407,-0.551149074639012,31.6812147870624
"US",1976,5.36530382211293,34.0037816507728,-0.212683285956761,32.557183855407
"US",1977,4.59805885670939,34.4239200039407,5.36530382211293,34.0037816507728
"US",1978,5.57673354779926,33.6360624291569,4.59805885670939,34.4239200039407
"US",1979,3.1245596731013,32.2581765670127,5.57673354779926,33.6360624291569
"US",1980,-0.273270708795903,32.5562569491769,3.1245596731013,32.2581765670127
"US",1981,2.5381058400411,31.9129781246002,-0.273270708795903,32.5562569491769
"US",1982,-1.9424772848744,35.1049428255256,2.5381058400411,31.9129781246002
"US",1983,4.51889829498033,38.9636734001019,-1.9424772848744,35.1049428255256
"US",1984,7.1852286431342,39.9976086901219,4.51889829498033,38.9636734001019
"US",1985,4.13860211947514,43.2271013633669,7.1852286431342,39.9976086901219
"US",1986,3.46312761888077,47.651456618865,4.13860211947514,43.2271013633669
"US",1987,3.20045156283073,49.6215879349928,3.46312761888077,47.651456618865
"US",1988,4.11031955478374,51.0222279044977,3.20045156283073,49.6215879349928
"US",1989,3.57241361194658,52.1229266191241,4.11031955478374,51.0222279044977
"US",1990,1.87676739497078,55.74197830837,3.57241361194658,52.1229266191241
"US",1991,-0.234008389449702,61.1689282838571,1.87676739497078,55.74197830837
"US",1992,3.39359459021098,64.0874864878987,-0.234008389449702,61.1689282838571
"US",1993,2.85141967636446,66.165055091025,3.39359459021098,64.0874864878987
"US",1994,4.07466503977287,66.2331325864196,2.85141967636446,66.165055091025
"US",1995,2.5138940557115,67.0827262156122,4.07466503977287,66.2331325864196
"US",1996,3.74105149719035,66.6557496859858,2.5138940557115,67.0827262156122
"US",1997,4.45626941137811,64.9650282199246,3.74105149719035,66.6557496859858
"US",1998,4.35545903818639,62.8440667413203,4.45626941137811,64.9650282199246
"US",1999,4.82617785773325,60.4722392859892,4.35545903818639,62.8440667413203
"US",2000,4.13922336221453,57.0183209555042,4.82617785773325,60.4722392859892
"US",2001,1.07963655799039,56.4587837316016,4.13922336221453,57.0183209555042
"US",2002,1.81366328257191,58.5234015729401,1.07963655799039,56.4587837316016
"US",2003,2.49026226954039,60.8792872326043,1.81366328257191,58.5234015729401
"US",2004,3.57326847230315,62.1770900784476,2.49026226954039,60.8792872326043
"US",2005,3.05451817544318,62.7667241242879,3.57326847230315,62.1770900784476
"US",2006,2.67280668439043,63.4899732569217,3.05451817544318,62.7667241242879
"US",2007,2.14161310707295,63.9854876346549,2.67280668439043,63.4899732569217
"US",2008,0.438166303257104,74.0910609583196,2.14161310707295,63.9854876346549
"US",2009,-2.73016993842103,83.4828347084133,0.438166303257104,74.0910609583196
